Intercept,z_gust_0h,z_precipitation_24h_sum,z_temperature_0h,z_pressure_msl_0h,urban_binary,log_population,income_deprivation_rate,deprivation_gap_pct,morans_i,incident_year[2022],incident_year[2023],incident_year[2024],incident_month[2],incident_month[3],incident_month[4],incident_month[5],incident_month[6],incident_month[7],incident_month[8],incident_month[9],incident_month[10],incident_month[11],incident_month[12],z_customers_v2_log1p,z_cust_sq,gust_hinge_11,z_temperature_sq,z_gust_precip,grid_index,gust
0,-1.9169327488055354,0,0,0,0,0,0,0,0,0,0,0,0,0,0,0,0,0,0,0,0,0,0,0,0,0,0,0,0,0.5
0,-1.8986871866625563,0,0,0,0,0,0,0,0,0,0,0,0,0,0,0,0,0,0,0,0,0,0,0,0,0,0,0,1,0.63210702341137126
0,-1.8804416245195772,0,0,0,0,0,0,0,0,0,0,0,0,0,0,0,0,0,0,0,0,0,0,0,0,0,0,0,2,0.76421404682274252
0,-1.8621960623765981,0,0,0,0,0,0,0,0,0,0,0,0,0,0,0,0,0,0,0,0,0,0,0,0,0,0,0,3,0.89632107023411367
0,-1.8439505002336189,0,0,0,0,0,0,0,0,0,0,0,0,0,0,0,0,0,0,0,0,0,0,0,0,0,0,0,4,1.028428093645485
0,-1.8257049380906401,0,0,0,0,0,0,0,0,0,0,0,0,0,0,0,0,0,0,0,0,0,0,0,0,0,0,0,5,1.1605351170568561
0,-1.8074593759476607,0,0,0,0,0,0,0,0,0,0,0,0,0,0,0,0,0,0,0,0,0,0,0,0,0,0,0,6,1.2926421404682273
0,-1.7892138138046818,0,0,0,0,0,0,0,0,0,0,0,0,0,0,0,0,0,0,0,0,0,0,0,0,0,0,0,7,1.4247491638795986
0,-1.7709682516617027,0,0,0,0,0,0,0,0,0,0,0,0,0,0,0,0,0,0,0,0,0,0,0,0,0,0,0,8,1.5568561872909699
0,-1.7527226895187236,0,0,0,0,0,0,0,0,0,0,0,0,0,0,0,0,0,0,0,0,0,0,0,0,0,0,0,9,1.6889632107023411
0,-1.7344771273757444,0,0,0,0,0,0,0,0,0,0,0,0,0,0,0,0,0,0,0,0,0,0,0,0,0,0,0,10,1.8210702341137124
0,-1.7162315652327653,0,0,0,0,0,0,0,0,0,0,0,0,0,0,0,0,0,0,0,0,0,0,0,0,0,0,0,11,1.9531772575250836
0,-1.6979860030897864,0,0,0,0,0,0,0,0,0,0,0,0,0,0,0,0,0,0,0,0,0,0,0,0,0,0,0,12,2.0852842809364547
0,-1.6797404409468073,0,0,0,0,0,0,0,0,0,0,0,0,0,0,0,0,0,0,0,0,0,0,0,0,0,0,0,13,2.2173913043478262
0,-1.661494878803828,0,0,0,0,0,0,0,0,0,0,0,0,0,0,0,0,0,0,0,0,0,0,0,0,0,0,0,14,2.3494983277591972
0,-1.6432493166608491,0,0,0,0,0,0,0,0,0,0,0,0,0,0,0,0,0,0,0,0,0,0,0,0,0,0,0,15,2.4816053511705682
0,-1.6250037545178699,0,0,0,0,0,0,0,0,0,0,0,0,0,0,0,0,0,0,0,0,0,0,0,0,0,0,0,16,2.6137123745819397
0,-1.606758192374891,0,0,0,0,0,0,0,0,0,0,0,0,0,0,0,0,0,0,0,0,0,0,0,0,0,0,0,17,2.7458193979933108
0,-1.5885126302319119,0,0,0,0,0,0,0,0,0,0,0,0,0,0,0,0,0,0,0,0,0,0,0,0,0,0,0,18,2.8779264214046822
0,-1.5702670680889326,0,0,0,0,0,0,0,0,0,0,0,0,0,0,0,0,0,0,0,0,0,0,0,0,0,0,0,19,3.0100334448160533
0,-1.5520215059459537,0,0,0,0,0,0,0,0,0,0,0,0,0,0,0,0,0,0,0,0,0,0,0,0,0,0,0,20,3.1421404682274248
0,-1.5337759438029746,0,0,0,0,0,0,0,0,0,0,0,0,0,0,0,0,0,0,0,0,0,0,0,0,0,0,0,21,3.2742474916387958
0,-1.5155303816599957,0,0,0,0,0,0,0,0,0,0,0,0,0,0,0,0,0,0,0,0,0,0,0,0,0,0,0,22,3.4063545150501673
0,-1.4972848195170163,0,0,0,0,0,0,0,0,0,0,0,0,0,0,0,0,0,0,0,0,0,0,0,0,0,0,0,23,3.5384615384615383
0,-1.4790392573740372,0,0,0,0,0,0,0,0,0,0,0,0,0,0,0,0,0,0,0,0,0,0,0,0,0,0,0,24,3.6705685618729094
0,-1.4607936952310583,0,0,0,0,0,0,0,0,0,0,0,0,0,0,0,0,0,0,0,0,0,0,0,0,0,0,0,25,3.8026755852842808
0,-1.4425481330880792,0,0,0,0,0,0,0,0,0,0,0,0,0,0,0,0,0,0,0,0,0,0,0,0,0,0,0,26,3.9347826086956519
0,-1.4243025709451,0,0,0,0,0,0,0,0,0,0,0,0,0,0,0,0,0,0,0,0,0,0,0,0,0,0,0,27,4.0668896321070234
0,-1.4060570088021209,0,0,0,0,0,0,0,0,0,0,0,0,0,0,0,0,0,0,0,0,0,0,0,0,0,0,0,28,4.1989966555183944
0,-1.3878114466591418,0,0,0,0,0,0,0,0,0,0,0,0,0,0,0,0,0,0,0,0,0,0,0,0,0,0,0,29,4.3311036789297663
0,-1.3695658845161629,0,0,0,0,0,0,0,0,0,0,0,0,0,0,0,0,0,0,0,0,0,0,0,0,0,0,0,30,4.4632107023411365
0,-1.3513203223731836,0,0,0,0,0,0,0,0,0,0,0,0,0,0,0,0,0,0,0,0,0,0,0,0,0,0,0,31,4.5953177257525084
0,-1.3330747602302047,0,0,0,0,0,0,0,0,0,0,0,0,0,0,0,0,0,0,0,0,0,0,0,0,0,0,0,32,4.7274247491638794
0,-1.3148291980872255,0,0,0,0,0,0,0,0,0,0,0,0,0,0,0,0,0,0,0,0,0,0,0,0,0,0,0,33,4.8595317725752505
0,-1.2965836359442464,0,0,0,0,0,0,0,0,0,0,0,0,0,0,0,0,0,0,0,0,0,0,0,0,0,0,0,34,4.9916387959866215
0,-1.2783380738012671,0,0,0,0,0,0,0,0,0,0,0,0,0,0,0,0,0,0,0,0,0,0,0,0,0,0,0,35,5.1237458193979935
0,-1.2600925116582882,0,0,0,0,0,0,0,0,0,0,0,0,0,0,0,0,0,0,0,0,0,0,0,0,0,0,0,36,5.2558528428093645
0,-1.2418469495153093,0,0,0,0,0,0,0,0,0,0,0,0,0,0,0,0,0,0,0,0,0,0,0,0,0,0,0,37,5.3879598662207355
0,-1.2236013873723302,0,0,0,0,0,0,0,0,0,0,0,0,0,0,0,0,0,0,0,0,0,0,0,0,0,0,0,38,5.5200668896321066
0,-1.2053558252293508,0,0,0,0,0,0,0,0,0,0,0,0,0,0,0,0,0,0,0,0,0,0,0,0,0,0,0,39,5.6521739130434785
0,-1.1871102630863717,0,0,0,0,0,0,0,0,0,0,0,0,0,0,0,0,0,0,0,0,0,0,0,0,0,0,0,40,5.7842809364548495
0,-1.1688647009433928,0,0,0,0,0,0,0,0,0,0,0,0,0,0,0,0,0,0,0,0,0,0,0,0,0,0,0,41,5.9163879598662206
0,-1.1506191388004139,0,0,0,0,0,0,0,0,0,0,0,0,0,0,0,0,0,0,0,0,0,0,0,0,0,0,0,42,6.0484949832775916
0,-1.1323735766574348,0,0,0,0,0,0,0,0,0,0,0,0,0,0,0,0,0,0,0,0,0,0,0,0,0,0,0,43,6.1806020066889626
0,-1.1141280145144554,0,0,0,0,0,0,0,0,0,0,0,0,0,0,0,0,0,0,0,0,0,0,0,0,0,0,0,44,6.3127090301003346
0,-1.0958824523714765,0,0,0,0,0,0,0,0,0,0,0,0,0,0,0,0,0,0,0,0,0,0,0,0,0,0,0,45,6.4448160535117056
0,-1.0776368902284974,0,0,0,0,0,0,0,0,0,0,0,0,0,0,0,0,0,0,0,0,0,0,0,0,0,0,0,46,6.5769230769230766
0,-1.0593913280855183,0,0,0,0,0,0,0,0,0,0,0,0,0,0,0,0,0,0,0,0,0,0,0,0,0,0,0,47,6.7090301003344477
0,-1.0411457659425392,0,0,0,0,0,0,0,0,0,0,0,0,0,0,0,0,0,0,0,0,0,0,0,0,0,0,0,48,6.8411371237458187
0,-1.02290020379956,0,0,0,0,0,0,0,0,0,0,0,0,0,0,0,0,0,0,0,0,0,0,0,0,0,0,0,49,6.9732441471571907
0,-1.0046546416565809,0,0,0,0,0,0,0,0,0,0,0,0,0,0,0,0,0,0,0,0,0,0,0,0,0,0,0,50,7.1053511705685617
0,-0.98640907951360191,0,0,0,0,0,0,0,0,0,0,0,0,0,0,0,0,0,0,0,0,0,0,0,0,0,0,0,51,7.2374581939799327
0,-0.96816351737062289,0,0,0,0,0,0,0,0,0,0,0,0,0,0,0,0,0,0,0,0,0,0,0,0,0,0,0,52,7.3695652173913038
0,-0.94991795522764366,0,0,0,0,0,0,0,0,0,0,0,0,0,0,0,0,0,0,0,0,0,0,0,0,0,0,0,53,7.5016722408026757
0,-0.93167239308466465,0,0,0,0,0,0,0,0,0,0,0,0,0,0,0,0,0,0,0,0,0,0,0,0,0,0,0,54,7.6337792642140467
0,-0.91342683094168553,0,0,0,0,0,0,0,0,0,0,0,0,0,0,0,0,0,0,0,0,0,0,0,0,0,0,0,55,7.7658862876254178
0,-0.89518126879870652,0,0,0,0,0,0,0,0,0,0,0,0,0,0,0,0,0,0,0,0,0,0,0,0,0,0,0,56,7.8979933110367888
0,-0.87693570665572729,0,0,0,0,0,0,0,0,0,0,0,0,0,0,0,0,0,0,0,0,0,0,0,0,0,0,0,57,8.0301003344481607
0,-0.85869014451274817,0,0,0,0,0,0,0,0,0,0,0,0,0,0,0,0,0,0,0,0,0,0,0,0,0,0,0,58,8.1622073578595327
0,-0.84044458236976916,0,0,0,0,0,0,0,0,0,0,0,0,0,0,0,0,0,0,0,0,0,0,0,0,0,0,0,59,8.2943143812709028
0,-0.82219902022679026,0,0,0,0,0,0,0,0,0,0,0,0,0,0,0,0,0,0,0,0,0,0,0,0,0,0,0,60,8.426421404682273
0,-0.80395345808381113,0,0,0,0,0,0,0,0,0,0,0,0,0,0,0,0,0,0,0,0,0,0,0,0,0,0,0,61,8.5585284280936449
0,-0.7857078959408319,0,0,0,0,0,0,0,0,0,0,0,0,0,0,0,0,0,0,0,0,0,0,0,0,0,0,0,62,8.6906354515050168
0,-0.767462333797853,0,0,0,0,0,0,0,0,0,0,0,0,0,0,0,0,0,0,0,0,0,0,0,0,0,0,0,63,8.822742474916387
0,-0.74921677165487377,0,0,0,0,0,0,0,0,0,0,0,0,0,0,0,0,0,0,0,0,0,0,0,0,0,0,0,64,8.9548494983277589
0,-0.73097120951189454,0,0,0,0,0,0,0,0,0,0,0,0,0,0,0,0,0,0,0,0,0,0,0,0,0,0,0,65,9.0869565217391308
0,-0.71272564736891564,0,0,0,0,0,0,0,0,0,0,0,0,0,0,0,0,0,0,0,0,0,0,0,0,0,0,0,66,9.219063545150501
0,-0.69448008522593652,0,0,0,0,0,0,0,0,0,0,0,0,0,0,0,0,0,0,0,0,0,0,0,0,0,0,0,67,9.3511705685618729
0,-0.67623452308295751,0,0,0,0,0,0,0,0,0,0,0,0,0,0,0,0,0,0,0,0,0,0,0,0,0,0,0,68,9.483277591973243
0,-0.65798896093997838,0,0,0,0,0,0,0,0,0,0,0,0,0,0,0,0,0,0,0,0,0,0,0,0,0,0,0,69,9.615384615384615
0,-0.63974339879699915,0,0,0,0,0,0,0,0,0,0,0,0,0,0,0,0,0,0,0,0,0,0,0,0,0,0,0,70,9.7474916387959869
0,-0.62149783665402025,0,0,0,0,0,0,0,0,0,0,0,0,0,0,0,0,0,0,0,0,0,0,0,0,0,0,0,71,9.8795986622073571
0,-0.60325227451104102,0,0,0,0,0,0,0,0,0,0,0,0,0,0,0,0,0,0,0,0,0,0,0,0,0,0,0,72,10.011705685618729
0,-0.58500671236806212,0,0,0,0,0,0,0,0,0,0,0,0,0,0,0,0,0,0,0,0,0,0,0,0,0,0,0,73,10.143812709030099
0,-0.56676115022508289,0,0,0,0,0,0,0,0,0,0,0,0,0,0,0,0,0,0,0,0,0,0,0,0,0,0,0,74,10.275919732441471
0,-0.54851558808210377,0,0,0,0,0,0,0,0,0,0,0,0,0,0,0,0,0,0,0,0,0,0,0,0,0,0,0,75,10.408026755852843
0,-0.53027002593912476,0,0,0,0,0,0,0,0,0,0,0,0,0,0,0,0,0,0,0,0,0,0,0,0,0,0,0,76,10.540133779264213
0,-0.51202446379614563,0,0,0,0,0,0,0,0,0,0,0,0,0,0,0,0,0,0,0,0,0,0,0,0,0,0,0,77,10.672240802675585
0,-0.4937789016531664,0,0,0,0,0,0,0,0,0,0,0,0,0,0,0,0,0,0,0,0,0,0,0,0,0,0,0,78,10.804347826086957
0,-0.4755333395101875,0,0,0,0,0,0,0,0,0,0,0,0,0,0,0,0,0,0,0,0,0,0,0,0,0,0,0,79,10.936454849498327
0,-0.45728777736720833,0,0,0,0,0,0,0,0,0,0,0,0,0,0,0,0,0,0,0,0,0,0,0,0,0.068561872909699062,0,0,80,11.068561872909699
0,-0.43904221522422937,0,0,0,0,0,0,0,0,0,0,0,0,0,0,0,0,0,0,0,0,0,0,0,0,0.20066889632106921,0,0,81,11.200668896321069
0,-0.42079665308125019,0,0,0,0,0,0,0,0,0,0,0,0,0,0,0,0,0,0,0,0,0,0,0,0,0.33277591973244114,0,0,82,11.332775919732441
0,-0.40255109093827102,0,0,0,0,0,0,0,0,0,0,0,0,0,0,0,0,0,0,0,0,0,0,0,0,0.46488294314381307,0,0,83,11.464882943143813
0,-0.38430552879529206,0,0,0,0,0,0,0,0,0,0,0,0,0,0,0,0,0,0,0,0,0,0,0,0,0.59698996655518322,0,0,84,11.596989966555183
0,-0.36605996665231288,0,0,0,0,0,0,0,0,0,0,0,0,0,0,0,0,0,0,0,0,0,0,0,0,0.72909698996655514,0,0,85,11.729096989966555
0,-0.34781440450933393,0,0,0,0,0,0,0,0,0,0,0,0,0,0,0,0,0,0,0,0,0,0,0,0,0.86120401337792529,0,0,86,11.861204013377925
0,-0.32956884236635475,0,0,0,0,0,0,0,0,0,0,0,0,0,0,0,0,0,0,0,0,0,0,0,0,0.99331103678929722,0,0,87,11.993311036789297
0,-0.31132328022337558,0,0,0,0,0,0,0,0,0,0,0,0,0,0,0,0,0,0,0,0,0,0,0,0,1.1254180602006691,0,0,88,12.125418060200669
0,-0.29307771808039662,0,0,0,0,0,0,0,0,0,0,0,0,0,0,0,0,0,0,0,0,0,0,0,0,1.2575250836120393,0,0,89,12.257525083612039
0,-0.27483215593741744,0,0,0,0,0,0,0,0,0,0,0,0,0,0,0,0,0,0,0,0,0,0,0,0,1.3896321070234112,0,0,90,12.389632107023411
0,-0.25658659379443849,0,0,0,0,0,0,0,0,0,0,0,0,0,0,0,0,0,0,0,0,0,0,0,0,1.5217391304347814,0,0,91,12.521739130434781
0,-0.23834103165145934,0,0,0,0,0,0,0,0,0,0,0,0,0,0,0,0,0,0,0,0,0,0,0,0,1.6538461538461533,0,0,92,12.653846153846153
0,-0.22009546950848013,0,0,0,0,0,0,0,0,0,0,0,0,0,0,0,0,0,0,0,0,0,0,0,0,1.7859531772575252,0,0,93,12.785953177257525
0,-0.20184990736550121,0,0,0,0,0,0,0,0,0,0,0,0,0,0,0,0,0,0,0,0,0,0,0,0,1.9180602006688954,0,0,94,12.918060200668895
0,-0.18360434522252203,0,0,0,0,0,0,0,0,0,0,0,0,0,0,0,0,0,0,0,0,0,0,0,0,2.0501672240802673,0,0,95,13.050167224080267
0,-0.16535878307954308,0,0,0,0,0,0,0,0,0,0,0,0,0,0,0,0,0,0,0,0,0,0,0,0,2.1822742474916375,0,0,96,13.182274247491637
0,-0.1471132209365639,0,0,0,0,0,0,0,0,0,0,0,0,0,0,0,0,0,0,0,0,0,0,0,0,2.3143812709030094,0,0,97,13.314381270903009
0,-0.12886765879358472,0,0,0,0,0,0,0,0,0,0,0,0,0,0,0,0,0,0,0,0,0,0,0,0,2.4464882943143813,0,0,98,13.446488294314381
0,-0.11062209665060578,0,0,0,0,0,0,0,0,0,0,0,0,0,0,0,0,0,0,0,0,0,0,0,0,2.5785953177257515,0,0,99,13.578595317725751
0,-0.09237653450762659,0,0,0,0,0,0,0,0,0,0,0,0,0,0,0,0,0,0,0,0,0,0,0,0,2.7107023411371234,0,0,100,13.710702341137123
0,-0.074130972364647413,0,0,0,0,0,0,0,0,0,0,0,0,0,0,0,0,0,0,0,0,0,0,0,0,2.8428093645484953,0,0,101,13.842809364548495
0,-0.055885410221668472,0,0,0,0,0,0,0,0,0,0,0,0,0,0,0,0,0,0,0,0,0,0,0,0,2.9749163879598655,0,0,102,13.974916387959865
0,-0.037639848078689288,0,0,0,0,0,0,0,0,0,0,0,0,0,0,0,0,0,0,0,0,0,0,0,0,3.1070234113712374,0,0,103,14.107023411371237
0,-0.01939428593571035,0,0,0,0,0,0,0,0,0,0,0,0,0,0,0,0,0,0,0,0,0,0,0,0,3.2391304347826075,0,0,104,14.239130434782608
0,-0.0011487237927311669,0,0,0,0,0,0,0,0,0,0,0,0,0,0,0,0,0,0,0,0,0,0,0,0,3.3712374581939795,0,0,105,14.371237458193979
0,0.017096838350248018,0,0,0,0,0,0,0,0,0,0,0,0,0,0,0,0,0,0,0,0,0,0,0,0,3.5033444816053514,0,0,106,14.503344481605351
0,0.035342400493226955,0,0,0,0,0,0,0,0,0,0,0,0,0,0,0,0,0,0,0,0,0,0,0,0,3.6354515050167215,0,0,107,14.635451505016722
0,0.053587962636206139,0,0,0,0,0,0,0,0,0,0,0,0,0,0,0,0,0,0,0,0,0,0,0,0,3.7675585284280935,0,0,108,14.767558528428093
0,0.071833524779185073,0,0,0,0,0,0,0,0,0,0,0,0,0,0,0,0,0,0,0,0,0,0,0,0,3.8996655518394636,0,0,109,14.899665551839464
0,0.090079086922164264,0,0,0,0,0,0,0,0,0,0,0,0,0,0,0,0,0,0,0,0,0,0,0,0,4.0317725752508355,0,0,110,15.031772575250836
0,0.10832464906514344,0,0,0,0,0,0,0,0,0,0,0,0,0,0,0,0,0,0,0,0,0,0,0,0,4.1638795986622075,0,0,111,15.163879598662207
0,0.1265702112081224,0,0,0,0,0,0,0,0,0,0,0,0,0,0,0,0,0,0,0,0,0,0,0,0,4.2959866220735776,0,0,112,15.295986622073578
0,0.14481577335110157,0,0,0,0,0,0,0,0,0,0,0,0,0,0,0,0,0,0,0,0,0,0,0,0,4.4280936454849495,0,0,113,15.42809364548495
0,0.1630613354940805,0,0,0,0,0,0,0,0,0,0,0,0,0,0,0,0,0,0,0,0,0,0,0,0,4.5602006688963197,0,0,114,15.56020066889632
0,0.18130689763705968,0,0,0,0,0,0,0,0,0,0,0,0,0,0,0,0,0,0,0,0,0,0,0,0,4.6923076923076916,0,0,115,15.692307692307692
0,0.19955245978003888,0,0,0,0,0,0,0,0,0,0,0,0,0,0,0,0,0,0,0,0,0,0,0,0,4.8244147157190636,0,0,116,15.824414715719064
0,0.21779802192301781,0,0,0,0,0,0,0,0,0,0,0,0,0,0,0,0,0,0,0,0,0,0,0,0,4.9565217391304337,0,0,117,15.956521739130434
0,0.23604358406599699,0,0,0,0,0,0,0,0,0,0,0,0,0,0,0,0,0,0,0,0,0,0,0,0,5.0886287625418056,0,0,118,16.088628762541806
0,0.25428914620897619,0,0,0,0,0,0,0,0,0,0,0,0,0,0,0,0,0,0,0,0,0,0,0,0,5.2207357859531776,0,0,119,16.220735785953178
0,0.27253470835195487,0,0,0,0,0,0,0,0,0,0,0,0,0,0,0,0,0,0,0,0,0,0,0,0,5.3528428093645459,0,0,120,16.352842809364546
0,0.29078027049493405,0,0,0,0,0,0,0,0,0,0,0,0,0,0,0,0,0,0,0,0,0,0,0,0,5.4849498327759179,0,0,121,16.484949832775918
0,0.30902583263791322,0,0,0,0,0,0,0,0,0,0,0,0,0,0,0,0,0,0,0,0,0,0,0,0,5.6170568561872898,0,0,122,16.61705685618729
0,0.3272713947808924,0,0,0,0,0,0,0,0,0,0,0,0,0,0,0,0,0,0,0,0,0,0,0,0,5.7491638795986617,0,0,123,16.749163879598662
0,0.34551695692387163,0,0,0,0,0,0,0,0,0,0,0,0,0,0,0,0,0,0,0,0,0,0,0,0,5.8812709030100336,0,0,124,16.881270903010034
0,0.36376251906685081,0,0,0,0,0,0,0,0,0,0,0,0,0,0,0,0,0,0,0,0,0,0,0,0,6.0133779264214056,0,0,125,17.013377926421406
0,0.38200808120982949,0,0,0,0,0,0,0,0,0,0,0,0,0,0,0,0,0,0,0,0,0,0,0,0,6.1454849498327739,0,0,126,17.145484949832774
0,0.40025364335280866,0,0,0,0,0,0,0,0,0,0,0,0,0,0,0,0,0,0,0,0,0,0,0,0,6.2775919732441459,0,0,127,17.277591973244146
0,0.41849920549578784,0,0,0,0,0,0,0,0,0,0,0,0,0,0,0,0,0,0,0,0,0,0,0,0,6.4096989966555178,0,0,128,17.409698996655518
0,0.43674476763876702,0,0,0,0,0,0,0,0,0,0,0,0,0,0,0,0,0,0,0,0,0,0,0,0,6.5418060200668897,0,0,129,17.54180602006689
0,0.45499032978174619,0,0,0,0,0,0,0,0,0,0,0,0,0,0,0,0,0,0,0,0,0,0,0,0,6.6739130434782616,0,0,130,17.673913043478262
0,0.47323589192472493,0,0,0,0,0,0,0,0,0,0,0,0,0,0,0,0,0,0,0,0,0,0,0,0,6.80602006688963,0,0,131,17.80602006688963
0,0.4914814540677041,0,0,0,0,0,0,0,0,0,0,0,0,0,0,0,0,0,0,0,0,0,0,0,0,6.9381270903010019,0,0,132,17.938127090301002
0,0.50972701621068328,0,0,0,0,0,0,0,0,0,0,0,0,0,0,0,0,0,0,0,0,0,0,0,0,7.0702341137123739,0,0,133,18.070234113712374
0,0.52797257835366251,0,0,0,0,0,0,0,0,0,0,0,0,0,0,0,0,0,0,0,0,0,0,0,0,7.2023411371237458,0,0,134,18.202341137123746
0,0.54621814049664164,0,0,0,0,0,0,0,0,0,0,0,0,0,0,0,0,0,0,0,0,0,0,0,0,7.3344481605351177,0,0,135,18.334448160535118
0,0.56446370263962031,0,0,0,0,0,0,0,0,0,0,0,0,0,0,0,0,0,0,0,0,0,0,0,0,7.4665551839464861,0,0,136,18.466555183946486
0,0.58270926478259955,0,0,0,0,0,0,0,0,0,0,0,0,0,0,0,0,0,0,0,0,0,0,0,0,7.598662207357858,0,0,137,18.598662207357858
0,0.60095482692557867,0,0,0,0,0,0,0,0,0,0,0,0,0,0,0,0,0,0,0,0,0,0,0,0,7.7307692307692299,0,0,138,18.73076923076923
0,0.6192003890685579,0,0,0,0,0,0,0,0,0,0,0,0,0,0,0,0,0,0,0,0,0,0,0,0,7.8628762541806019,0,0,139,18.862876254180602
0,0.63744595121153702,0,0,0,0,0,0,0,0,0,0,0,0,0,0,0,0,0,0,0,0,0,0,0,0,7.9949832775919738,0,0,140,18.994983277591974
0,0.65569151335451581,0,0,0,0,0,0,0,0,0,0,0,0,0,0,0,0,0,0,0,0,0,0,0,0,8.1270903010033422,0,0,141,19.127090301003342
0,0.67393707549749493,0,0,0,0,0,0,0,0,0,0,0,0,0,0,0,0,0,0,0,0,0,0,0,0,8.2591973244147141,0,0,142,19.259197324414714
0,0.69218263764047416,0,0,0,0,0,0,0,0,0,0,0,0,0,0,0,0,0,0,0,0,0,0,0,0,8.391304347826086,0,0,143,19.391304347826086
0,0.71042819978345328,0,0,0,0,0,0,0,0,0,0,0,0,0,0,0,0,0,0,0,0,0,0,0,0,8.523411371237458,0,0,144,19.523411371237458
0,0.72867376192643252,0,0,0,0,0,0,0,0,0,0,0,0,0,0,0,0,0,0,0,0,0,0,0,0,8.6555183946488299,0,0,145,19.65551839464883
0,0.74691932406941119,0,0,0,0,0,0,0,0,0,0,0,0,0,0,0,0,0,0,0,0,0,0,0,0,8.7876254180601983,0,0,146,19.787625418060198
0,0.76516488621239043,0,0,0,0,0,0,0,0,0,0,0,0,0,0,0,0,0,0,0,0,0,0,0,0,8.9197324414715702,0,0,147,19.91973244147157
0,0.78341044835536955,0,0,0,0,0,0,0,0,0,0,0,0,0,0,0,0,0,0,0,0,0,0,0,0,9.0518394648829421,0,0,148,20.051839464882942
0,0.80165601049834878,0,0,0,0,0,0,0,0,0,0,0,0,0,0,0,0,0,0,0,0,0,0,0,0,9.183946488294314,0,0,149,20.183946488294314
0,0.8199015726413279,0,0,0,0,0,0,0,0,0,0,0,0,0,0,0,0,0,0,0,0,0,0,0,0,9.316053511705686,0,0,150,20.316053511705686
0,0.83814713478430714,0,0,0,0,0,0,0,0,0,0,0,0,0,0,0,0,0,0,0,0,0,0,0,0,9.4481605351170579,0,0,151,20.448160535117058
0,0.85639269692728581,0,0,0,0,0,0,0,0,0,0,0,0,0,0,0,0,0,0,0,0,0,0,0,0,9.5802675585284263,0,0,152,20.580267558528426
0,0.87463825907026493,0,0,0,0,0,0,0,0,0,0,0,0,0,0,0,0,0,0,0,0,0,0,0,0,9.7123745819397982,0,0,153,20.712374581939798
0,0.89288382121324417,0,0,0,0,0,0,0,0,0,0,0,0,0,0,0,0,0,0,0,0,0,0,0,0,9.8444816053511701,0,0,154,20.84448160535117
0,0.9111293833562234,0,0,0,0,0,0,0,0,0,0,0,0,0,0,0,0,0,0,0,0,0,0,0,0,9.976588628762542,0,0,155,20.976588628762542
0,0.92937494549920252,0,0,0,0,0,0,0,0,0,0,0,0,0,0,0,0,0,0,0,0,0,0,0,0,10.108695652173914,0,0,156,21.108695652173914
0,0.9476205076421812,0,0,0,0,0,0,0,0,0,0,0,0,0,0,0,0,0,0,0,0,0,0,0,0,10.240802675585282,0,0,157,21.240802675585282
0,0.96586606978516043,0,0,0,0,0,0,0,0,0,0,0,0,0,0,0,0,0,0,0,0,0,0,0,0,10.372909698996654,0,0,158,21.372909698996654
0,0.98411163192813955,0,0,0,0,0,0,0,0,0,0,0,0,0,0,0,0,0,0,0,0,0,0,0,0,10.505016722408026,0,0,159,21.505016722408026
0,1.0023571940711189,0,0,0,0,0,0,0,0,0,0,0,0,0,0,0,0,0,0,0,0,0,0,0,0,10.637123745819398,0,0,160,21.637123745819398
0,1.020602756214098,0,0,0,0,0,0,0,0,0,0,0,0,0,0,0,0,0,0,0,0,0,0,0,0,10.76923076923077,0,0,161,21.76923076923077
0,1.0388483183570767,0,0,0,0,0,0,0,0,0,0,0,0,0,0,0,0,0,0,0,0,0,0,0,0,10.901337792642138,0,0,162,21.901337792642138
0,1.0570938805000558,0,0,0,0,0,0,0,0,0,0,0,0,0,0,0,0,0,0,0,0,0,0,0,0,11.03344481605351,0,0,163,22.03344481605351
0,1.0753394426430349,0,0,0,0,0,0,0,0,0,0,0,0,0,0,0,0,0,0,0,0,0,0,0,0,11.165551839464882,0,0,164,22.165551839464882
0,1.0935850047860143,0,0,0,0,0,0,0,0,0,0,0,0,0,0,0,0,0,0,0,0,0,0,0,0,11.297658862876254,0,0,165,22.297658862876254
0,1.1118305669289934,0,0,0,0,0,0,0,0,0,0,0,0,0,0,0,0,0,0,0,0,0,0,0,0,11.429765886287626,0,0,166,22.429765886287626
0,1.1300761290719721,0,0,0,0,0,0,0,0,0,0,0,0,0,0,0,0,0,0,0,0,0,0,0,0,11.561872909698995,0,0,167,22.561872909698995
0,1.1483216912149512,0,0,0,0,0,0,0,0,0,0,0,0,0,0,0,0,0,0,0,0,0,0,0,0,11.693979933110366,0,0,168,22.693979933110366
0,1.1665672533579305,0,0,0,0,0,0,0,0,0,0,0,0,0,0,0,0,0,0,0,0,0,0,0,0,11.826086956521738,0,0,169,22.826086956521738
0,1.1848128155009097,0,0,0,0,0,0,0,0,0,0,0,0,0,0,0,0,0,0,0,0,0,0,0,0,11.95819397993311,0,0,170,22.95819397993311
0,1.2030583776438888,0,0,0,0,0,0,0,0,0,0,0,0,0,0,0,0,0,0,0,0,0,0,0,0,12.090301003344482,0,0,171,23.090301003344482
0,1.2213039397868675,0,0,0,0,0,0,0,0,0,0,0,0,0,0,0,0,0,0,0,0,0,0,0,0,12.222408026755851,0,0,172,23.222408026755851
0,1.2395495019298468,0,0,0,0,0,0,0,0,0,0,0,0,0,0,0,0,0,0,0,0,0,0,0,0,12.354515050167223,0,0,173,23.354515050167223
0,1.2577950640728259,0,0,0,0,0,0,0,0,0,0,0,0,0,0,0,0,0,0,0,0,0,0,0,0,12.486622073578594,0,0,174,23.486622073578594
0,1.2760406262158051,0,0,0,0,0,0,0,0,0,0,0,0,0,0,0,0,0,0,0,0,0,0,0,0,12.618729096989966,0,0,175,23.618729096989966
0,1.2942861883587842,0,0,0,0,0,0,0,0,0,0,0,0,0,0,0,0,0,0,0,0,0,0,0,0,12.750836120401338,0,0,176,23.750836120401338
0,1.3125317505017629,0,0,0,0,0,0,0,0,0,0,0,0,0,0,0,0,0,0,0,0,0,0,0,0,12.882943143812707,0,0,177,23.882943143812707
0,1.3307773126447422,0,0,0,0,0,0,0,0,0,0,0,0,0,0,0,0,0,0,0,0,0,0,0,0,13.015050167224079,0,0,178,24.015050167224079
0,1.3490228747877213,0,0,0,0,0,0,0,0,0,0,0,0,0,0,0,0,0,0,0,0,0,0,0,0,13.147157190635451,0,0,179,24.147157190635451
0,1.3672684369307004,0,0,0,0,0,0,0,0,0,0,0,0,0,0,0,0,0,0,0,0,0,0,0,0,13.279264214046822,0,0,180,24.279264214046822
0,1.3855139990736798,0,0,0,0,0,0,0,0,0,0,0,0,0,0,0,0,0,0,0,0,0,0,0,0,13.411371237458194,0,0,181,24.411371237458194
0,1.4037595612166585,0,0,0,0,0,0,0,0,0,0,0,0,0,0,0,0,0,0,0,0,0,0,0,0,13.543478260869563,0,0,182,24.543478260869563
0,1.4220051233596376,0,0,0,0,0,0,0,0,0,0,0,0,0,0,0,0,0,0,0,0,0,0,0,0,13.675585284280935,0,0,183,24.675585284280935
0,1.4402506855026167,0,0,0,0,0,0,0,0,0,0,0,0,0,0,0,0,0,0,0,0,0,0,0,0,13.807692307692307,0,0,184,24.807692307692307
0,1.4584962476455958,0,0,0,0,0,0,0,0,0,0,0,0,0,0,0,0,0,0,0,0,0,0,0,0,13.939799331103679,0,0,185,24.939799331103679
0,1.4767418097885752,0,0,0,0,0,0,0,0,0,0,0,0,0,0,0,0,0,0,0,0,0,0,0,0,14.07190635451505,0,0,186,25.07190635451505
0,1.4949873719315538,0,0,0,0,0,0,0,0,0,0,0,0,0,0,0,0,0,0,0,0,0,0,0,0,14.204013377926419,0,0,187,25.204013377926419
0,1.513232934074533,0,0,0,0,0,0,0,0,0,0,0,0,0,0,0,0,0,0,0,0,0,0,0,0,14.336120401337791,0,0,188,25.336120401337791
0,1.5314784962175121,0,0,0,0,0,0,0,0,0,0,0,0,0,0,0,0,0,0,0,0,0,0,0,0,14.468227424749163,0,0,189,25.468227424749163
0,1.5497240583604914,0,0,0,0,0,0,0,0,0,0,0,0,0,0,0,0,0,0,0,0,0,0,0,0,14.600334448160535,0,0,190,25.600334448160535
0,1.5679696205034706,0,0,0,0,0,0,0,0,0,0,0,0,0,0,0,0,0,0,0,0,0,0,0,0,14.732441471571907,0,0,191,25.732441471571907
0,1.5862151826464492,0,0,0,0,0,0,0,0,0,0,0,0,0,0,0,0,0,0,0,0,0,0,0,0,14.864548494983275,0,0,192,25.864548494983275
0,1.6044607447894284,0,0,0,0,0,0,0,0,0,0,0,0,0,0,0,0,0,0,0,0,0,0,0,0,14.996655518394647,0,0,193,25.996655518394647
0,1.6227063069324077,0,0,0,0,0,0,0,0,0,0,0,0,0,0,0,0,0,0,0,0,0,0,0,0,15.128762541806019,0,0,194,26.128762541806019
0,1.6409518690753868,0,0,0,0,0,0,0,0,0,0,0,0,0,0,0,0,0,0,0,0,0,0,0,0,15.260869565217391,0,0,195,26.260869565217391
0,1.6591974312183659,0,0,0,0,0,0,0,0,0,0,0,0,0,0,0,0,0,0,0,0,0,0,0,0,15.392976588628763,0,0,196,26.392976588628763
0,1.6774429933613451,0,0,0,0,0,0,0,0,0,0,0,0,0,0,0,0,0,0,0,0,0,0,0,0,15.525083612040135,0,0,197,26.525083612040135
0,1.6956885555043237,0,0,0,0,0,0,0,0,0,0,0,0,0,0,0,0,0,0,0,0,0,0,0,0,15.657190635451503,0,0,198,26.657190635451503
0,1.7139341176473031,0,0,0,0,0,0,0,0,0,0,0,0,0,0,0,0,0,0,0,0,0,0,0,0,15.789297658862875,0,0,199,26.789297658862875
0,1.7321796797902822,0,0,0,0,0,0,0,0,0,0,0,0,0,0,0,0,0,0,0,0,0,0,0,0,15.921404682274247,0,0,200,26.921404682274247
0,1.7504252419332613,0,0,0,0,0,0,0,0,0,0,0,0,0,0,0,0,0,0,0,0,0,0,0,0,16.053511705685619,0,0,201,27.053511705685619
0,1.7686708040762407,0,0,0,0,0,0,0,0,0,0,0,0,0,0,0,0,0,0,0,0,0,0,0,0,16.185618729096991,0,0,202,27.185618729096991
0,1.7869163662192193,0,0,0,0,0,0,0,0,0,0,0,0,0,0,0,0,0,0,0,0,0,0,0,0,16.317725752508359,0,0,203,27.317725752508359
0,1.8051619283621985,0,0,0,0,0,0,0,0,0,0,0,0,0,0,0,0,0,0,0,0,0,0,0,0,16.449832775919731,0,0,204,27.449832775919731
0,1.8234074905051776,0,0,0,0,0,0,0,0,0,0,0,0,0,0,0,0,0,0,0,0,0,0,0,0,16.581939799331103,0,0,205,27.581939799331103
0,1.8416530526481569,0,0,0,0,0,0,0,0,0,0,0,0,0,0,0,0,0,0,0,0,0,0,0,0,16.714046822742475,0,0,206,27.714046822742475
0,1.8598986147911361,0,0,0,0,0,0,0,0,0,0,0,0,0,0,0,0,0,0,0,0,0,0,0,0,16.846153846153847,0,0,207,27.846153846153847
0,1.8781441769341147,0,0,0,0,0,0,0,0,0,0,0,0,0,0,0,0,0,0,0,0,0,0,0,0,16.978260869565215,0,0,208,27.978260869565215
0,1.8963897390770939,0,0,0,0,0,0,0,0,0,0,0,0,0,0,0,0,0,0,0,0,0,0,0,0,17.110367892976587,0,0,209,28.110367892976587
0,1.914635301220073,0,0,0,0,0,0,0,0,0,0,0,0,0,0,0,0,0,0,0,0,0,0,0,0,17.242474916387959,0,0,210,28.242474916387959
0,1.9328808633630523,0,0,0,0,0,0,0,0,0,0,0,0,0,0,0,0,0,0,0,0,0,0,0,0,17.374581939799331,0,0,211,28.374581939799331
0,1.9511264255060314,0,0,0,0,0,0,0,0,0,0,0,0,0,0,0,0,0,0,0,0,0,0,0,0,17.506688963210703,0,0,212,28.506688963210703
0,1.9693719876490101,0,0,0,0,0,0,0,0,0,0,0,0,0,0,0,0,0,0,0,0,0,0,0,0,17.638795986622071,0,0,213,28.638795986622071
0,1.9876175497919892,0,0,0,0,0,0,0,0,0,0,0,0,0,0,0,0,0,0,0,0,0,0,0,0,17.770903010033443,0,0,214,28.770903010033443
0,2.0058631119349686,0,0,0,0,0,0,0,0,0,0,0,0,0,0,0,0,0,0,0,0,0,0,0,0,17.903010033444815,0,0,215,28.903010033444815
0,2.0241086740779477,0,0,0,0,0,0,0,0,0,0,0,0,0,0,0,0,0,0,0,0,0,0,0,0,18.035117056856187,0,0,216,29.035117056856187
0,2.0423542362209268,0,0,0,0,0,0,0,0,0,0,0,0,0,0,0,0,0,0,0,0,0,0,0,0,18.167224080267559,0,0,217,29.167224080267559
0,2.0605997983639055,0,0,0,0,0,0,0,0,0,0,0,0,0,0,0,0,0,0,0,0,0,0,0,0,18.299331103678927,0,0,218,29.299331103678927
0,2.0788453605068846,0,0,0,0,0,0,0,0,0,0,0,0,0,0,0,0,0,0,0,0,0,0,0,0,18.431438127090299,0,0,219,29.431438127090299
0,2.0970909226498637,0,0,0,0,0,0,0,0,0,0,0,0,0,0,0,0,0,0,0,0,0,0,0,0,18.563545150501671,0,0,220,29.563545150501671
0,2.1153364847928433,0,0,0,0,0,0,0,0,0,0,0,0,0,0,0,0,0,0,0,0,0,0,0,0,18.695652173913043,0,0,221,29.695652173913043
0,2.1335820469358224,0,0,0,0,0,0,0,0,0,0,0,0,0,0,0,0,0,0,0,0,0,0,0,0,18.827759197324415,0,0,222,29.827759197324415
0,2.1518276090788011,0,0,0,0,0,0,0,0,0,0,0,0,0,0,0,0,0,0,0,0,0,0,0,0,18.959866220735783,0,0,223,29.959866220735783
0,2.1700731712217802,0,0,0,0,0,0,0,0,0,0,0,0,0,0,0,0,0,0,0,0,0,0,0,0,19.091973244147155,0,0,224,30.091973244147155
0,2.1883187333647593,0,0,0,0,0,0,0,0,0,0,0,0,0,0,0,0,0,0,0,0,0,0,0,0,19.224080267558527,0,0,225,30.224080267558527
0,2.2065642955077385,0,0,0,0,0,0,0,0,0,0,0,0,0,0,0,0,0,0,0,0,0,0,0,0,19.356187290969899,0,0,226,30.356187290969899
0,2.2248098576507176,0,0,0,0,0,0,0,0,0,0,0,0,0,0,0,0,0,0,0,0,0,0,0,0,19.488294314381271,0,0,227,30.488294314381271
0,2.2430554197936967,0,0,0,0,0,0,0,0,0,0,0,0,0,0,0,0,0,0,0,0,0,0,0,0,19.620401337792639,0,0,228,30.620401337792639
0,2.2613009819366758,0,0,0,0,0,0,0,0,0,0,0,0,0,0,0,0,0,0,0,0,0,0,0,0,19.752508361204011,0,0,229,30.752508361204011
0,2.279546544079655,0,0,0,0,0,0,0,0,0,0,0,0,0,0,0,0,0,0,0,0,0,0,0,0,19.884615384615383,0,0,230,30.884615384615383
0,2.2977921062226341,0,0,0,0,0,0,0,0,0,0,0,0,0,0,0,0,0,0,0,0,0,0,0,0,20.016722408026755,0,0,231,31.016722408026755
0,2.3160376683656132,0,0,0,0,0,0,0,0,0,0,0,0,0,0,0,0,0,0,0,0,0,0,0,0,20.148829431438127,0,0,232,31.148829431438127
0,2.3342832305085914,0,0,0,0,0,0,0,0,0,0,0,0,0,0,0,0,0,0,0,0,0,0,0,0,20.280936454849495,0,0,233,31.280936454849495
0,2.3525287926515706,0,0,0,0,0,0,0,0,0,0,0,0,0,0,0,0,0,0,0,0,0,0,0,0,20.413043478260867,0,0,234,31.413043478260867
0,2.3707743547945501,0,0,0,0,0,0,0,0,0,0,0,0,0,0,0,0,0,0,0,0,0,0,0,0,20.545150501672239,0,0,235,31.545150501672239
0,2.3890199169375292,0,0,0,0,0,0,0,0,0,0,0,0,0,0,0,0,0,0,0,0,0,0,0,0,20.677257525083611,0,0,236,31.677257525083611
0,2.4072654790805084,0,0,0,0,0,0,0,0,0,0,0,0,0,0,0,0,0,0,0,0,0,0,0,0,20.809364548494983,0,0,237,31.809364548494983
0,2.4255110412234875,0,0,0,0,0,0,0,0,0,0,0,0,0,0,0,0,0,0,0,0,0,0,0,0,20.941471571906355,0,0,238,31.941471571906355
0,2.4437566033664666,0,0,0,0,0,0,0,0,0,0,0,0,0,0,0,0,0,0,0,0,0,0,0,0,21.073578595317727,0,0,239,32.073578595317727
0,2.4620021655094448,0,0,0,0,0,0,0,0,0,0,0,0,0,0,0,0,0,0,0,0,0,0,0,0,21.205685618729092,0,0,240,32.205685618729092
0,2.4802477276524248,0,0,0,0,0,0,0,0,0,0,0,0,0,0,0,0,0,0,0,0,0,0,0,0,21.337792642140471,0,0,241,32.337792642140471
0,2.4984932897954031,0,0,0,0,0,0,0,0,0,0,0,0,0,0,0,0,0,0,0,0,0,0,0,0,21.469899665551836,0,0,242,32.469899665551836
0,2.5167388519383826,0,0,0,0,0,0,0,0,0,0,0,0,0,0,0,0,0,0,0,0,0,0,0,0,21.602006688963208,0,0,243,32.602006688963208
0,2.5349844140813618,0,0,0,0,0,0,0,0,0,0,0,0,0,0,0,0,0,0,0,0,0,0,0,0,21.73411371237458,0,0,244,32.73411371237458
0,2.5532299762243409,0,0,0,0,0,0,0,0,0,0,0,0,0,0,0,0,0,0,0,0,0,0,0,0,21.866220735785951,0,0,245,32.866220735785951
0,2.57147553836732,0,0,0,0,0,0,0,0,0,0,0,0,0,0,0,0,0,0,0,0,0,0,0,0,21.998327759197323,0,0,246,32.998327759197323
0,2.5897211005102991,0,0,0,0,0,0,0,0,0,0,0,0,0,0,0,0,0,0,0,0,0,0,0,0,22.130434782608695,0,0,247,33.130434782608695
0,2.6079666626532783,0,0,0,0,0,0,0,0,0,0,0,0,0,0,0,0,0,0,0,0,0,0,0,0,22.262541806020067,0,0,248,33.262541806020067
0,2.6262122247962574,0,0,0,0,0,0,0,0,0,0,0,0,0,0,0,0,0,0,0,0,0,0,0,0,22.394648829431439,0,0,249,33.394648829431439
0,2.6444577869392369,0,0,0,0,0,0,0,0,0,0,0,0,0,0,0,0,0,0,0,0,0,0,0,0,22.526755852842811,0,0,250,33.526755852842811
0,2.6627033490822147,0,0,0,0,0,0,0,0,0,0,0,0,0,0,0,0,0,0,0,0,0,0,0,0,22.658862876254176,0,0,251,33.658862876254176
0,2.6809489112251943,0,0,0,0,0,0,0,0,0,0,0,0,0,0,0,0,0,0,0,0,0,0,0,0,22.790969899665548,0,0,252,33.790969899665548
0,2.6991944733681734,0,0,0,0,0,0,0,0,0,0,0,0,0,0,0,0,0,0,0,0,0,0,0,0,22.92307692307692,0,0,253,33.92307692307692
0,2.7174400355111525,0,0,0,0,0,0,0,0,0,0,0,0,0,0,0,0,0,0,0,0,0,0,0,0,23.055183946488292,0,0,254,34.055183946488292
0,2.7356855976541317,0,0,0,0,0,0,0,0,0,0,0,0,0,0,0,0,0,0,0,0,0,0,0,0,23.187290969899664,0,0,255,34.187290969899664
0,2.7539311597971108,0,0,0,0,0,0,0,0,0,0,0,0,0,0,0,0,0,0,0,0,0,0,0,0,23.319397993311036,0,0,256,34.319397993311036
0,2.7721767219400899,0,0,0,0,0,0,0,0,0,0,0,0,0,0,0,0,0,0,0,0,0,0,0,0,23.451505016722408,0,0,257,34.451505016722408
0,2.790422284083069,0,0,0,0,0,0,0,0,0,0,0,0,0,0,0,0,0,0,0,0,0,0,0,0,23.583612040133779,0,0,258,34.583612040133779
0,2.8086678462260486,0,0,0,0,0,0,0,0,0,0,0,0,0,0,0,0,0,0,0,0,0,0,0,0,23.715719063545151,0,0,259,34.715719063545151
0,2.8269134083690277,0,0,0,0,0,0,0,0,0,0,0,0,0,0,0,0,0,0,0,0,0,0,0,0,23.847826086956523,0,0,260,34.847826086956523
0,2.8451589705120068,0,0,0,0,0,0,0,0,0,0,0,0,0,0,0,0,0,0,0,0,0,0,0,0,23.979933110367895,0,0,261,34.979933110367895
0,2.8634045326549851,0,0,0,0,0,0,0,0,0,0,0,0,0,0,0,0,0,0,0,0,0,0,0,0,24.11204013377926,0,0,262,35.11204013377926
0,2.8816500947979642,0,0,0,0,0,0,0,0,0,0,0,0,0,0,0,0,0,0,0,0,0,0,0,0,24.244147157190632,0,0,263,35.244147157190632
0,2.8998956569409433,0,0,0,0,0,0,0,0,0,0,0,0,0,0,0,0,0,0,0,0,0,0,0,0,24.376254180602004,0,0,264,35.376254180602004
0,2.9181412190839224,0,0,0,0,0,0,0,0,0,0,0,0,0,0,0,0,0,0,0,0,0,0,0,0,24.508361204013376,0,0,265,35.508361204013376
0,2.9363867812269016,0,0,0,0,0,0,0,0,0,0,0,0,0,0,0,0,0,0,0,0,0,0,0,0,24.640468227424748,0,0,266,35.640468227424748
0,2.9546323433698807,0,0,0,0,0,0,0,0,0,0,0,0,0,0,0,0,0,0,0,0,0,0,0,0,24.77257525083612,0,0,267,35.77257525083612
0,2.9728779055128602,0,0,0,0,0,0,0,0,0,0,0,0,0,0,0,0,0,0,0,0,0,0,0,0,24.904682274247492,0,0,268,35.904682274247492
0,2.9911234676558394,0,0,0,0,0,0,0,0,0,0,0,0,0,0,0,0,0,0,0,0,0,0,0,0,25.036789297658864,0,0,269,36.036789297658864
0,3.0093690297988185,0,0,0,0,0,0,0,0,0,0,0,0,0,0,0,0,0,0,0,0,0,0,0,0,25.168896321070235,0,0,270,36.168896321070235
0,3.0276145919417976,0,0,0,0,0,0,0,0,0,0,0,0,0,0,0,0,0,0,0,0,0,0,0,0,25.301003344481607,0,0,271,36.301003344481607
0,3.0458601540847758,0,0,0,0,0,0,0,0,0,0,0,0,0,0,0,0,0,0,0,0,0,0,0,0,25.433110367892972,0,0,272,36.433110367892972
0,3.064105716227755,0,0,0,0,0,0,0,0,0,0,0,0,0,0,0,0,0,0,0,0,0,0,0,0,25.565217391304344,0,0,273,36.565217391304344
0,3.0823512783707341,0,0,0,0,0,0,0,0,0,0,0,0,0,0,0,0,0,0,0,0,0,0,0,0,25.697324414715716,0,0,274,36.697324414715716
0,3.1005968405137132,0,0,0,0,0,0,0,0,0,0,0,0,0,0,0,0,0,0,0,0,0,0,0,0,25.829431438127088,0,0,275,36.829431438127088
0,3.1188424026566928,0,0,0,0,0,0,0,0,0,0,0,0,0,0,0,0,0,0,0,0,0,0,0,0,25.96153846153846,0,0,276,36.96153846153846
0,3.1370879647996719,0,0,0,0,0,0,0,0,0,0,0,0,0,0,0,0,0,0,0,0,0,0,0,0,26.093645484949832,0,0,277,37.093645484949832
0,3.155333526942651,0,0,0,0,0,0,0,0,0,0,0,0,0,0,0,0,0,0,0,0,0,0,0,0,26.225752508361204,0,0,278,37.225752508361204
0,3.1735790890856301,0,0,0,0,0,0,0,0,0,0,0,0,0,0,0,0,0,0,0,0,0,0,0,0,26.357859531772576,0,0,279,37.357859531772576
0,3.1918246512286093,0,0,0,0,0,0,0,0,0,0,0,0,0,0,0,0,0,0,0,0,0,0,0,0,26.489966555183948,0,0,280,37.489966555183948
0,3.2100702133715884,0,0,0,0,0,0,0,0,0,0,0,0,0,0,0,0,0,0,0,0,0,0,0,0,26.62207357859532,0,0,281,37.62207357859532
0,3.2283157755145666,0,0,0,0,0,0,0,0,0,0,0,0,0,0,0,0,0,0,0,0,0,0,0,0,26.754180602006684,0,0,282,37.754180602006684
0,3.2465613376575457,0,0,0,0,0,0,0,0,0,0,0,0,0,0,0,0,0,0,0,0,0,0,0,0,26.886287625418056,0,0,283,37.886287625418056
0,3.2648068998005249,0,0,0,0,0,0,0,0,0,0,0,0,0,0,0,0,0,0,0,0,0,0,0,0,27.018394648829428,0,0,284,38.018394648829428
0,3.2830524619435044,0,0,0,0,0,0,0,0,0,0,0,0,0,0,0,0,0,0,0,0,0,0,0,0,27.1505016722408,0,0,285,38.1505016722408
0,3.3012980240864835,0,0,0,0,0,0,0,0,0,0,0,0,0,0,0,0,0,0,0,0,0,0,0,0,27.282608695652172,0,0,286,38.282608695652172
0,3.3195435862294627,0,0,0,0,0,0,0,0,0,0,0,0,0,0,0,0,0,0,0,0,0,0,0,0,27.414715719063544,0,0,287,38.414715719063544
0,3.3377891483724418,0,0,0,0,0,0,0,0,0,0,0,0,0,0,0,0,0,0,0,0,0,0,0,0,27.546822742474916,0,0,288,38.546822742474916
0,3.3560347105154209,0,0,0,0,0,0,0,0,0,0,0,0,0,0,0,0,0,0,0,0,0,0,0,0,27.678929765886288,0,0,289,38.678929765886288
0,3.3742802726584,0,0,0,0,0,0,0,0,0,0,0,0,0,0,0,0,0,0,0,0,0,0,0,0,27.81103678929766,0,0,290,38.81103678929766
0,3.3925258348013791,0,0,0,0,0,0,0,0,0,0,0,0,0,0,0,0,0,0,0,0,0,0,0,0,27.943143812709032,0,0,291,38.943143812709032
0,3.4107713969443574,0,0,0,0,0,0,0,0,0,0,0,0,0,0,0,0,0,0,0,0,0,0,0,0,28.075250836120397,0,0,292,39.075250836120397
0,3.4290169590873365,0,0,0,0,0,0,0,0,0,0,0,0,0,0,0,0,0,0,0,0,0,0,0,0,28.207357859531768,0,0,293,39.207357859531768
0,3.4472625212303161,0,0,0,0,0,0,0,0,0,0,0,0,0,0,0,0,0,0,0,0,0,0,0,0,28.33946488294314,0,0,294,39.33946488294314
0,3.4655080833732952,0,0,0,0,0,0,0,0,0,0,0,0,0,0,0,0,0,0,0,0,0,0,0,0,28.471571906354512,0,0,295,39.471571906354512
0,3.4837536455162743,0,0,0,0,0,0,0,0,0,0,0,0,0,0,0,0,0,0,0,0,0,0,0,0,28.603678929765884,0,0,296,39.603678929765884
0,3.5019992076592534,0,0,0,0,0,0,0,0,0,0,0,0,0,0,0,0,0,0,0,0,0,0,0,0,28.735785953177256,0,0,297,39.735785953177256
0,3.5202447698022326,0,0,0,0,0,0,0,0,0,0,0,0,0,0,0,0,0,0,0,0,0,0,0,0,28.867892976588628,0,0,298,39.867892976588628
0,3.5384903319452117,0,0,0,0,0,0,0,0,0,0,0,0,0,0,0,0,0,0,0,0,0,0,0,0,29,0,0,299,40
