term,Intercept,z_gust_0h,z_precipitation_24h_sum,z_temperature_0h,z_pressure_msl_0h,urban_binary,log_population,income_deprivation_rate,deprivation_gap_pct,morans_i,incident_year[2022],incident_year[2023],incident_year[2024],incident_month[2],incident_month[3],incident_month[4],incident_month[5],incident_month[6],incident_month[7],incident_month[8],incident_month[9],incident_month[10],incident_month[11],incident_month[12],z_customers_v2_log1p,z_cust_sq,gust_hinge_11,z_temperature_sq,z_gust_precip
Intercept,0.31205069315254341,0.0019222413706292442,-0.00017765847449381341,0.00060448322007899339,-0.00013487368261549796,-0.00022445967220609611,-0.025075926947260102,-0.17085484760532799,-0.0035772548332820911,0.049669718692544162,-0.00088158515393832633,-0.00067323381617838906,-0.0038110682986453592,-0.0030241408767812429,-0.0034071281838597613,-0.0074240301647449068,-0.0049387817510967089,-0.0052728663938865997,-0.0046232635029023715,-0.0059299017575458711,-0.0049432861358056183,-0.0050687455779719302,-0.0042700001349145859,-0.0042941874158464628,-0.00045369813014462662,-0.00026845735865391185,-0.00046932817593291166,-0.00030649446358892358,-0.0003545299611601336
z_gust_0h,0.0019222413706310934,0.0027797516315063563,3.8216313718823205e-05,-0.00031541126984307478,0.00023592575785369972,-7.2738144142510164e-05,5.1108062523691315e-06,-0.002975116578137503,0.00071987238450144098,-0.00013267101025376616,0.00011319746803011075,2.5641229732586382e-05,-2.2733161217716735e-05,0.00039266345617559786,8.5698501220489963e-05,-9.009483172751475e-05,0.0002330287666617566,0.00069082563493341005,0.00055670354926145834,0.00064349110869955017,0.00075857687006691214,0.0003070201800999441,0.00016062226176735001,-0.00010548825361884114,-1.501073369025805e-06,2.9790449038335728e-05,-0.00046419373916648811,3.6670466186049439e-05,0.00016421112230266197
z_precipitation_24h_sum,-0.00017765847449397083,3.8216313718824019e-05,0.00026740785133992227,1.3552427753255622e-05,0.00016058519973333283,-1.7996670674224865e-06,1.4745951501588276e-05,2.087925544403714e-06,9.7017040392003676e-05,-0.00016538217337216344,-1.2581015713906745e-05,-3.4015180095040123e-05,-0.00010161717136045981,0.00018250965484496924,9.0625217997650416e-05,5.608360800100795e-05,3.7261680904226578e-05,-7.9084294667915926e-05,-2.5938791270076027e-05,-3.2543074343563969e-05,1.9603134418128844e-05,-6.8286871245574685e-05,5.1603222964855563e-05,0.00011710465127307663,1.3700461388861014e-05,1.4547468002553521e-05,-7.3452061079576985e-06,1.3072412759624914e-05,1.5037635764908003e-05
z_temperature_0h,0.00060448322007874478,-0.00031541126984307522,1.3552427753255947e-05,0.00082907739386901044,-2.0096911758108946e-06,2.1527648363946867e-06,3.6626239807430313e-05,0.0019631089324742279,-0.0013216887044593464,0.00031887529716240941,-0.00029773425029209826,-0.0002334709339379741,-0.00040700984796931267,1.9435481085155158e-05,-0.00014387729116758043,-0.00023843199630602856,-0.00086419959692300707,-0.0015778033627903681,-0.001619138069872305,-0.0016060824535259555,-0.001496386881455025,-0.0010759194417571966,-0.00032075093095071351,-0.00013234897749686856,-3.3437377183753589e-05,-7.8984930669043392e-05,2.0965578923512278e-05,-0.00015708362737905954,-1.0629595161901597e-06
z_pressure_msl_0h,-0.00013487368261540694,0.00023592575785369842,0.00016058519973333245,-2.0096911758120872e-06,0.00049691559484791605,-2.7622343016903931e-05,-7.0542328741153267e-06,-0.00097757068996414537,0.00035549514418913323,7.3679219214332231e-06,-6.5509056765856324e-05,9.3446335425977967e-05,0.0002806594501626636,0.00026672269200663049,0.00021859080222898859,0.00022931076661744198,0.00017245803963121401,5.2837691950459193e-05,0.000159278231561599,0.00013514638075448398,0.00017521698921008338,0.00028223087090525488,0.00057492871620745678,0.00034187202782308586,1.4681451330501595e-05,5.809940097687425e-06,-4.2432998968596717e-06,3.3187527115285075e-06,7.7529873866333891e-06
urban_binary,-0.00022445967220607183,-7.273814414252106e-05,-1.7996670674215107e-06,2.1527648363952288e-06,-2.7622343016903944e-05,0.0014159138712419965,-6.1794491343598618e-05,0.0087961957442399558,-0.0012389751554988926,-0.0019968139169419547,-8.4179251863854501e-05,4.6497614821307571e-06,3.5961404174610382e-05,-0.00026042475973296413,0.00014460060927912752,0.00025986573957518665,2.3085304161109873e-05,1.8967276666379202e-05,0.00011928098717400295,3.5514356316692676e-05,1.4406604345647538e-05,4.1308560935717463e-05,3.9016613923781177e-05,0.00017342260882841174,5.6437003217073094e-06,5.7781907569830942e-05,2.136104108742021e-06,-2.0319996132601793e-06,-5.713716095285714e-05
log_population,-0.025075926947254662,5.110806252529485e-06,1.47459515015654e-05,3.6626239807409442e-05,-7.0542328741262229e-06,-6.1794491343584524e-05,0.0021073084444352495,0.012467125721447394,-0.00043002336576027133,-0.0037655818950417461,-4.0856556701560803e-05,-8.0862090958194006e-05,-0.00015857875523005518,1.7848443640369445e-05,-7.5201065794271887e-05,0.00015352430782457864,-0.00013753613251345958,-0.00016086391440797948,-0.00022760759918266974,-0.00011729343422439969,-0.0001787981316136645,-0.0001463465506530544,-0.00011364913920391644,-0.00010429688628929893,3.0113234331086668e-05,-1.4559198704998196e-05,-2.8155878595235713e-06,4.3501716546899238e-06,4.7025459940221059e-05
income_deprivation_rate,-0.1708548476052954,-0.0029751165781383496,2.0879255442857528e-06,0.0019631089324740839,-0.00097757068996416792,0.0087961957442400495,0.012467125721445652,1.0252755354025143,-0.29930074588301925,-0.032005114133276308,-0.0027186203215826509,-0.0034028090448479757,-2.8625996803515602e-05,-0.0065655950954692545,0.0046925349585400788,0.0079529989088590949,0.0022995670254959549,0.00028737682827691818,-0.0012312445436953416,0.00092917497396158635,0.00065223169413881205,0.00094731337735928789,0.0011747651005223209,0.0021816878888287761,0.00017465068992852592,1.218860881780845e-05,0.00053164103202101715,-2.1540285767862512e-05,3.1031495223132624e-05
deprivation_gap_pct,-0.0035772548332803564,0.00071987238450182608,9.7017040391999014e-05,-0.0013216887044593447,0.00035549514418916663,-0.0012389751554988523,-0.00043002336575871658,-0.29930074588301803,0.18615613079477333,-0.036683575359181896,0.00090226469313091015,0.00085812856416253233,-0.00024796085514771152,0.0016263524963311443,-0.0015915370701957525,-0.0021549792703147927,-0.00055623507912770545,0.00087476954020420609,0.0016429910858484463,0.00086983298866925851,0.0009074278037993367,0.00049093800106249016,-0.00059499747140839311,-0.00015806576442472034,0.00019898085294947198,0.00012531882649773486,-0.00015359614938647995,0.0001893764709600728,-1.3312278738749446e-05
morans_i,0.049669718692539333,-0.00013267101025406279,-0.00016538217337213397,0.00031887529716242199,7.3679219214215137e-06,-0.0019968139169419599,-0.0037655818950425319,-0.032005114133276294,-0.036683575359182825,0.036953468969899102,0.00025985536327466558,0.00033247477487310679,0.00046227127013847668,-4.8057428095488533e-05,-0.00011286330737939054,-0.00050377014250993632,5.5079487692370407e-05,-0.00029139184703435433,-0.00062234123000178519,-0.00061775843794739226,-0.00024078078192634952,-0.00036430602776093592,-3.6320175712623547e-05,-0.00031268212098855457,-8.2168994964463009e-05,-0.00013289888114650797,8.2122312597825349e-05,-9.8369342384658012e-05,-0.00014912458349211556
incident_year[2022],-0.00088158515393945954,0.00011319746803009146,-1.2581015713905309e-05,-0.00029773425029209696,-6.5509056765851648e-05,-8.4179251863862118e-05,-4.085655670145531e-05,-0.0027186203215818529,0.00090226469313089541,0.00025985536327443443,0.0016549670684681645,0.0009498071320903044,0.0012109368859610633,-0.00040659871965259174,-7.6820400771518958e-06,6.0364585496721561e-05,0.00075134191627311791,0.00097196880032417903,0.00094312527626929082,0.00090826083769471213,0.00094717754226591837,0.00059816908722690079,0.00022432979709849501,0.00021231021781388434,-4.4091502551315295e-06,1.688516196542825e-05,-2.7419883087341469e-06,4.684304984083152e-06,-1.0927100846128131e-05
incident_year[2023],-0.00067323381617819932,2.5641229732570445e-05,-3.4015180095040367e-05,-0.00023347093393797323,9.3446335425977425e-05,4.6497614821325452e-06,-8.0862090958185983e-05,-0.0034028090448480208,0.00085812856416259825,0.00033247477487302157,0.00094980713209030006,0.0015163816364786994,0.0014329030945186621,0.00024238722167139819,0.00010010833766733117,0.00034129860591956959,0.0010130994197947787,0.00087642593694732193,0.00097250771007746,0.00095335912644352316,0.00084863494829690153,0.00082655174730818844,0.00055116643493309612,0.00036849929125414883,-1.9376486145138182e-05,1.0673324687355396e-05,1.9901698895945848e-05,3.4006983249066855e-05,-2.1278819834914348e-05
incident_year[2024],-0.003811068298642778,-2.2733161217740588e-05,-0.00010161717136046129,-0.00040700984796931115,0.00028065945016265493,3.5961404174614285e-05,-0.00015857875523013105,-2.8625996803761933e-05,-0.00024796085514813999,0.00046227127013862782,0.0012109368859610193,0.0014329030945186439,0.0065411319248643955,0.0025494106428682038,0.002814024914522175,0.00394348687081943,0.0046687744901239073,0.0047804610957995451,0.0048444234673531358,0.0048535314177725938,0.0047790841462731631,0.0047142279355239271,0.0044075798879400496,0.0040282773457615134,3.6596837544064335e-05,-2.0931076457599983e-05,7.1325382516156241e-05,6.2369044104350541e-05,-0.00010919842236729177
incident_month[2],-0.0030241408767798881,0.00039266345617559352,0.00018250965484497032,1.9435481085150388e-05,0.00026672269200662529,-0.00026042475973296955,1.7848443640451411e-05,-0.0065655950954697437,0.0016263524963311005,-4.8057428095452104e-05,-0.00040659871965259596,0.0002423872216714189,0.0025494106428683013,0.0065753850002133879,0.0032347474396310204,0.0036408828776667507,0.0036980344525582142,0.0033118871257648338,0.003431767638509135,0.003430007544423179,0.0034616075725779349,0.0036112815948810446,0.003788582248227766,0.003648493756271849,1.5015212163438244e-05,-2.1172876128564818e-05,-0.00011162329800026675,1.7061245531093251e-05,0.0001906603349872949
incident_month[3],-0.0034071281838599088,8.5698501220468929e-05,9.0625217997653451e-05,-0.00014387729116758087,0.00021859080222898903,0.00014460060927911625,-7.5201065794129097e-05,0.004692534958539829,-0.0015915370701956883,-0.00011286330737949202,-7.6820400771677793e-06,0.00010010833766734548,0.0028140249145222652,0.0032347474396310621,0.0058569428344101837,0.0039219541566898782,0.0040119983982138639,0.0041188213163996686,0.0041420153593713996,0.0041603646477756939,0.0041380801242585537,0.0040927131430572722,0.0040351098640081205,0.0039310290592077125,2.2984498214085854e-05,2.0988753295603192e-05,2.7946639449474809e-05,4.0037315531630863e-05,2.2104325008179553e-05
incident_month[4],-0.0074240301647461558,-9.0094831727554649e-05,5.6083608001012883e-05,-0.00023843199630603073,0.00022931076661744719,0.00025986573957517494,0.00015352430782487154,0.0079529989088600872,-0.0021549792703150945,-0.00050377014251018915,6.0364585496703563e-05,0.00034129860591958954,0.0039434868708195497,0.0036408828776667941,0.0039219541566898677,0.0089501656628886844,0.0048460455675305367,0.0049874525807482063,0.0050044804362956302,0.0050653568264634255,0.005006335158237344,0.0049675257729913207,0.0048079458828947826,0.004643573392595534,8.0912672371364139e-05,5.0743218370180674e-05,7.6196764812500495e-05,7.2798225624984573e-05,-4.5546207356803617e-05
incident_month[5],-0.0049387817510968546,0.00023302876666175619,3.726168090422918e-05,-0.00086419959692300447,0.00017245803963121011,2.3085304161094586e-05,-0.00013753613251328843,0.0022995670254960833,-0.00055623507912768994,5.5079487692120607e-05,0.00075134191627310642,0.0010130994197947844,0.004668774490123942,0.0036980344525581361,0.0040119983982137772,0.0048460455675304465,0.0083016686083468606,0.0063791982584043214,0.0063798387491465873,0.0064553751348785451,0.0062980159878404142,0.0059169996471005355,0.0050683569579937637,0.0047743365714203317,3.8731565792015201e-05,8.0215412290713306e-05,4.5813929611286349e-05,0.00019173839421180675,1.4254302397856433e-05
incident_month[6],-0.0052728663938831459,0.00069082563493337188,-7.9084294667919287e-05,-0.0015778033627903768,5.2837691950450086e-05,1.8967276666383322e-05,-0.00016086391440811381,0.00028737682827476713,0.00087476954020453222,-0.00029139184703415311,0.00097196880032416884,0.00087642593694734015,0.0047804610957996405,0.0033118871257648043,0.0041188213163996304,0.0049874525807481508,0.0063791982584043942,0.0095719471231523329,0.0079600545832092598,0.0079610476985113171,0.0076665894316728794,0.0067897396873387618,0.0052131735694162344,0.0048276659937752583,3.0994897193457015e-05,0.00011311253092076315,2.6582468234926239e-05,0.00027898664121331568,-5.4411533709668777e-06
incident_month[7],-0.0046232635028992664,0.0005567035492614579,-2.5938791270078846e-05,-0.001619138069872305,0.00015927823156158859,0.00011928098717400881,-0.00022760759918276211,-0.0012312445436970902,0.0016429910858485964,-0.00062234123000162733,0.00094312527626926827,0.00097250771007746564,0.0048444234673532156,0.0034317676385091072,0.0041420153593713493,0.0050044804362955678,0.0063798387491466428,0.007960054583209232,0.0095565258788369509,0.0080403617304968707,0.0077251651957127923,0.0068116026568587687,0.0053014779543779089,0.0048894216738885436,2.739261418406992e-05,0.00013965776372948358,3.9217108700266169e-05,0.00020147020722798806,-1.2393761831761387e-05
incident_month[8],-0.0059299017575484697,0.00064349110869945866,-3.2543074343556163e-05,-0.0016060824535259564,0.00013514638075449374,3.5514356316676196e-05,-0.00011729343422404016,0.0009291749739622629,0.00086983298866975508,-0.00061775843794799334,0.00090826083769472536,0.00095335912644356957,0.0048535314177727967,0.0034300075444232848,0.0041603646477757494,0.0050653568264635226,0.006455375134878729,0.0079610476985114143,0.008040361730497006,0.010519642485661874,0.0077224096720739446,0.0068737296279113951,0.0053366703601008605,0.0048990169674278453,5.6025117652124066e-05,0.00012240589880669738,3.696483466767892e-05,0.00029064013429928436,-2.6249180131813761e-05
incident_month[9],-0.0049432861358045914,0.00075857687006690043,1.9603134418130145e-05,-0.0014963868814550163,0.00017521698921007622,1.4406604345640599e-05,-0.00017879813161358101,0.00065223169413843735,0.00090742780379921874,-0.00024078078192637728,0.00094717754226589538,0.00084863494829690326,0.0047790841462732013,0.0034616075725778794,0.0041380801242584739,0.0050063351582372538,0.0062980159878404177,0.0076665894316727996,0.0077251651957127368,0.0077224096720737642,0.0096181860374608512,0.0066724329924071207,0.0052745526991452678,0.0048650767858146801,9.0512407346858993e-05,0.0001536035625005303,-3.145313516181601e-06,0.00026692030551313532,-5.3967185470967828e-06
incident_month[10],-0.0050687455779713265,0.00030702018009991699,-6.8286871245572841e-05,-0.0010759194417571958,0.00028223087090525185,4.1308560935714861e-05,-0.0001463465506529295,0.00094731337735966259,0.00049093800106233664,-0.00036430602776109551,0.00059816908722687889,0.00082655174730819213,0.0047142279355239965,0.0036112815948810082,0.0040927131430572132,0.0049675257729912582,0.0059169996471005772,0.006789739687338734,0.0068116026568587618,0.0068737296279112355,0.0066724329924071624,0.0081390616688935789,0.0053273926721125776,0.0048709163380626433,8.4788357933050741e-05,0.00010704110597045094,6.3074169374130348e-05,0.00022228236477138895,1.1362672371716793e-05
incident_month[11],-0.0042700001349132537,0.0001606222617673461,5.1603222964854371e-05,-0.00032075093095072608,0.00057492871620745288,3.9016613923776623e-05,-0.00011364913920384844,0.0011747651005206902,-0.00059499747140777208,-3.6320175712725028e-05,0.00022432979709848856,0.00055116643493312734,0.0044075798879401919,0.0037885822482277946,0.0040351098640081032,0.0048079458828947617,0.0050683569579938713,0.0052131735694163073,0.0053014779543779957,0.0053366703601007807,0.0052745526991453788,0.0053273926721126505,0.0070492019422118829,0.0048693751038795773,3.2608179432471211e-05,3.3121982431849736e-05,6.0147315514809136e-05,7.5702730667525156e-05,-6.0981597475859143e-05
incident_month[12],-0.0042941874158484473,-0.00010548825361888364,0.00011710465127308259,-0.00013234897749686786,0.0003418720278230915,0.00017342260882840166,-0.00010429688628895253,0.0021816878888309757,-0.00015806576442520953,-0.00031268212098891236,0.00021231021781387621,0.00036849929125416683,0.0040282773457616071,0.003648493756271836,0.0039310290592076726,0.0046435733925955028,0.0047743365714203873,0.0048276659937752583,0.004889421673888561,0.0048990169674277065,0.0048650767858147287,0.0048709163380626676,0.004869375103879553,0.0069109676209251104,2.2742748999327045e-05,1.913441845356246e-05,7.9907202886834658e-05,3.5675010251694282e-05,-2.7947328468260846e-05
z_customers_v2_log1p,-0.00045369813014456244,-1.5010733690251545e-06,1.3700461388860946e-05,-3.3437377183753508e-05,1.4681451330501622e-05,5.6437003217076889e-06,3.011323433108271e-05,0.00017465068992848776,0.00019898085294949887,-8.2168994964462033e-05,-4.4091502551317735e-06,-1.9376486145138453e-05,3.6596837544063468e-05,1.501521216343716e-05,2.2984498214085637e-05,8.0912672371364139e-05,3.8731565792013466e-05,3.0994897193456798e-05,2.7392614184067968e-05,5.6025117652125367e-05,9.0512407346857041e-05,8.4788357933049873e-05,3.2608179432470127e-05,2.2742748999327262e-05,0.0002178898870773124,3.2612662098594001e-05,7.4872832442785409e-07,-1.865371098901686e-06,-1.3155721905280216e-05
z_cust_sq,-0.00026845735865378565,2.9790449038329982e-05,1.4547468002553671e-05,-7.8984930669043663e-05,5.8099400976872894e-06,5.7781907569831158e-05,-1.4559198704992104e-05,1.2188608817768551e-05,0.00012531882649774884,-0.00013289888114650027,1.6885161965427925e-05,1.0673324687355965e-05,-2.0931076457594996e-05,-2.1172876128558991e-05,2.0988753295603517e-05,5.0743218370181975e-05,8.0215412290712655e-05,0.00011311253092076532,0.00013965776372948943,0.00012240589880669088,0.00015360356250053572,0.00010704110597045203,3.3121982431851037e-05,1.9134418453562244e-05,3.2612662098593947e-05,0.00034834775743207685,-4.5315124483958524e-06,1.6237374440794682e-05,2.455165656877392e-05
gust_hinge_11,-0.00046932817593273689,-0.00046419373916649722,-7.3452061079581863e-06,2.0965578923511411e-05,-4.2432998968606203e-06,2.1361041087433763e-06,-2.8155878595363378e-06,0.00053164103202070229,-0.00015359614938642401,8.2122312597830444e-05,-2.7419883087384837e-06,1.9901698895943917e-05,7.1325382516157108e-05,-0.0001116232980002661,2.7946639449472912e-05,7.6196764812492906e-05,4.5813929611289818e-05,2.6582468234922634e-05,3.9217108700271034e-05,3.6964834667664487e-05,-3.1453135161796494e-06,6.3074169374128532e-05,6.0147315514809136e-05,7.9907202886827285e-05,7.4872832442763725e-07,-4.531512448396137e-06,9.5133063306097301e-05,2.9678052653792807e-06,-4.1380067426370084e-05
z_temperature_sq,-0.00030649446358886764,3.6670466186049439e-05,1.3072412759624778e-05,-0.00015708362737905943,3.3187527115282093e-06,-2.031999613259976e-06,4.3501716546882534e-06,-2.1540285767892003e-05,0.00018937647096007671,-9.8369342384653892e-05,4.6843049840824202e-06,3.4006983249067045e-05,6.2369044104351029e-05,1.7061245531093685e-05,4.003731553163032e-05,7.2798225624983327e-05,0.00019173839421180784,0.0002789866412133159,0.00020147020722798979,0.00029064013429928241,0.00026692030551313749,0.00022228236477138917,7.5702730667524126e-05,3.5675010251693686e-05,-1.8653710989016995e-06,1.6237374440794642e-05,2.9678052653793078e-06,7.2354560283818234e-05,-1.1170231605435368e-05
z_gust_precip,-0.00035452996116006161,0.00016421112230266739,1.5037635764907677e-05,-1.0629595161896176e-06,7.7529873866331655e-06,-5.7137160952857283e-05,4.70254599402248e-05,3.1031495223160597e-05,-1.3312278738750205e-05,-0.00014912458349211339,-1.0927100846130202e-05,-2.1278819834915256e-05,-0.00010919842236729323,0.00019066033498729121,2.2104325008174565e-05,-4.5546207356810068e-05,1.4254302397849168e-05,-5.4411533709686124e-06,-1.239376183176529e-05,-2.6249180131822109e-05,-5.3967185471022038e-06,1.1362672371710938e-05,-6.098159747586413e-05,-2.7947328468267351e-05,-1.3155721905279999e-05,2.4551656568773893e-05,-4.1380067426370192e-05,-1.1170231605435517e-05,0.00019734842002978002
