path,exists,SHA_match
D:\Pyprogramme\STST2603\claude_branch\HANDOFF_交接文档.md,True,True
D:\Pyprogramme\STST2603\claude_branch\LOG.md,True,False
D:\Pyprogramme\STST2603\claude_branch\Paper1_Appendices.md,True,True
D:\Pyprogramme\STST2603\claude_branch\Paper1_draft.md,True,True
D:\Pyprogramme\STST2603\claude_branch\Paper2_draft.md,True,True
D:\Pyprogramme\STST2603\claude_branch\Paper3_draft.md,True,True
D:\Pyprogramme\STST2603\claude_branch\PaperReview_CLAUDE.md,True,True
D:\Pyprogramme\STST2603\claude_branch\README.md,True,True
D:\Pyprogramme\STST2603\claude_branch\docs\01_研究思路评估与测试计划.md,True,True
D:\Pyprogramme\STST2603\claude_branch\docs\02_系数明细盘点.md,True,True
D:\Pyprogramme\STST2603\claude_branch\docs\03_Draft句子可读性审查与修改方案.md,True,True
D:\Pyprogramme\STST2603\claude_branch\docs\04_Draft冗余与重复审查报告.md,True,True
D:\Pyprogramme\STST2603\claude_branch\docs\Appendix.docx,True,True
D:\Pyprogramme\STST2603\claude_branch\docs\Draft.docx,True,True
D:\Pyprogramme\STST2603\claude_branch\docs\Fig3.png,True,True
D:\Pyprogramme\STST2603\claude_branch\docs\Paper1_Appendices.docx,True,True
D:\Pyprogramme\STST2603\claude_branch\docs\Paper1_Appendices_v2.docx,True,True
D:\Pyprogramme\STST2603\claude_branch\docs\Section 1.docx,True,True
D:\Pyprogramme\STST2603\claude_branch\docs\修订审查与待补分析.md,True,True
D:\Pyprogramme\STST2603\claude_branch\docs\0905new\Appendix_revised.docx,True,True
D:\Pyprogramme\STST2603\claude_branch\docs\0905new\Draft_revised.docx,True,True
D:\Pyprogramme\STST2603\claude_branch\docs\0905new\最终逻辑审查_工程统计视角.md,True,True
D:\Pyprogramme\STST2603\claude_branch\docs\0905new\补充实验与计算_人工确认清单.md,True,True
D:\Pyprogramme\STST2603\claude_branch\results\17#\01_原始分箱关系.md,True,True
D:\Pyprogramme\STST2603\claude_branch\results\17#\02_子组构成排查.md,True,True
D:\Pyprogramme\STST2603\claude_branch\results\17#\03_灵活函数形式复核.md,True,True
D:\Pyprogramme\STST2603\claude_branch\results\17#\04_综合判断与叙事更新建议.md,True,True
D:\Pyprogramme\STST2603\claude_branch\results\17#\05_n_stages分层检验与最终叙事校准.md,True,True
D:\Pyprogramme\STST2603\claude_branch\results\19#\00_holdout样本构建.md,True,True
D:\Pyprogramme\STST2603\claude_branch\results\19#\01_E0暴露模型holdout结果.md,True,True
D:\Pyprogramme\STST2603\claude_branch\results\19#\02_R0c恢复模型holdout结果.md,True,True
D:\Pyprogramme\STST2603\claude_branch\results\19#\03_方差分解holdout复现.md,True,True
D:\Pyprogramme\STST2603\claude_branch\results\19#\04_综合判断.md,True,True
D:\Pyprogramme\STST2603\claude_branch\results\20#\00_旧论文正文结构梳理.md,True,True
D:\Pyprogramme\STST2603\claude_branch\results\20#\01_建模画图脚本清单.md,True,True
D:\Pyprogramme\STST2603\claude_branch\results\20#\02_LAD风敏感性地图方法精确复原.md,True,True
D:\Pyprogramme\STST2603\claude_branch\results\20#\03_其余建模内容概览.md,True,True
D:\Pyprogramme\STST2603\claude_branch\results\20#\04_旧论文完整框架地图.md,True,True
D:\Pyprogramme\STST2603\claude_branch\results\21#\00_全量样本构建.md,True,True
D:\Pyprogramme\STST2603\claude_branch\results\21#\01_全量样本E0_R0c最终拟合.md,True,True
D:\Pyprogramme\STST2603\claude_branch\results\21#\02_全量样本临界风速与方差分解.md,True,True
D:\Pyprogramme\STST2603\claude_branch\results\21#\03_阵风剂量反应曲线说明.md,True,True
D:\Pyprogramme\STST2603\claude_branch\results\21#\04a_基线区域差异_预测customers_v2.png,True,True
D:\Pyprogramme\STST2603\claude_branch\results\21#\04b_基线区域差异_预测duration_B.png,True,True
D:\Pyprogramme\STST2603\claude_branch\results\21#\04_基线区域差异地图图注.md,True,True
D:\Pyprogramme\STST2603\claude_branch\results\21#\05_阵风VS区域影响幅度对比.md,True,True
D:\Pyprogramme\STST2603\claude_branch\results\21#\06_暴露恢复预测面相关性.md,True,True
D:\Pyprogramme\STST2603\claude_branch\results\21#\07_customers_v2剂量反应曲线说明.md,True,True
D:\Pyprogramme\STST2603\claude_branch\results\21#\08_阵风vs客户规模剂量反应对比图.png,True,True
D:\Pyprogramme\STST2603\claude_branch\results\21#\09_地图角色重新定位说明.md,True,True
D:\Pyprogramme\STST2603\claude_branch\results\21#\10_命名风暴核实.md,True,True
D:\Pyprogramme\STST2603\claude_branch\results\21#\11_重点案例详细数据.md,True,True
D:\Pyprogramme\STST2603\claude_branch\results\21#\12_案例文字草稿.md,True,True
D:\Pyprogramme\STST2603\claude_branch\results\21#\13_风暴期预测检验.csv,True,True
D:\Pyprogramme\STST2603\claude_branch\results\21#\13_风暴期预测检验散点图.png,True,True
D:\Pyprogramme\STST2603\claude_branch\results\21#\14_风暴期vs全样本预测精度对照.md,True,True
D:\Pyprogramme\STST2603\claude_branch\results\21#\15_风暴期预测检验文字草稿.md,True,True
D:\Pyprogramme\STST2603\claude_branch\results\21#\16_变异范围受限诊断.md,True,True
D:\Pyprogramme\STST2603\claude_branch\results\21#\17_weather_natural子样本构建.md,True,True
D:\Pyprogramme\STST2603\claude_branch\results\21#\18_weather_natural子样本回归结果.md,True,True
D:\Pyprogramme\STST2603\claude_branch\results\21#\19_weather_natural子样本方差分解与临界风速.md,True,True
D:\Pyprogramme\STST2603\claude_branch\results\21#\20_综合判断.md,True,True
D:\Pyprogramme\STST2603\claude_branch\results\21#\21_阵风分布对比.md,True,True
D:\Pyprogramme\STST2603\claude_branch\results\21#\22_CauseCode判定与阵风水平关系.md,True,True
D:\Pyprogramme\STST2603\claude_branch\results\21#\23_低阵风端锚点密度检验.md,True,True
D:\Pyprogramme\STST2603\claude_branch\results\21#\24_综合判断.md,True,True
D:\Pyprogramme\STST2603\claude_branch\results\21#\25_全量样本customers_duration相关系数.md,True,True
D:\Pyprogramme\STST2603\claude_branch\results\21#\26_VIF共线性检查.md,True,True
D:\Pyprogramme\STST2603\claude_branch\results\21#\27_customers_v2符号反转收尾检验.md,True,True
D:\Pyprogramme\STST2603\claude_branch\results\21#\28_空间自相关稳健性检验.md,True,True
D:\Pyprogramme\STST2603\claude_branch\results\21#\29_最终验证综合汇总.md,True,True
D:\Pyprogramme\STST2603\claude_branch\results\21#\34_论文数字总账.md,True,True
D:\Pyprogramme\STST2603\claude_branch\results\21#\35_论文Section2补充数字.md,True,True
D:\Pyprogramme\STST2603\claude_branch\results\21#\36_全六组干净样本构建.md,True,True
D:\Pyprogramme\STST2603\claude_branch\results\21#\37_全六组干净样本R0c拟合结果.md,True,True
D:\Pyprogramme\STST2603\claude_branch\results\21#\38_综合对比与最终文字.md,True,True
D:\Pyprogramme\STST2603\claude_branch\results\21#\39_v6数据来源引用回溯.md,True,True
D:\Pyprogramme\STST2603\claude_branch\results\22#\41_图表风格规范修正V2.md,True,True
D:\Pyprogramme\STST2603\claude_branch\results\22#\43_模型形式适用性检查.md,True,True
D:\Pyprogramme\STST2603\claude_branch\results\22#\45_审稿意见核实与重算.md,True,True
D:\Pyprogramme\STST2603\claude_branch\results\22#\50_数学审查本地核实.md,True,True
D:\Pyprogramme\STST2603\claude_branch\results\22#\Figure_1_study_area_map.png,True,True
D:\Pyprogramme\STST2603\claude_branch\results\22#\Figure_2_distribution.png,True,True
D:\Pyprogramme\STST2603\claude_branch\results\22#\Figure_6a_regional_customers.png,True,True
D:\Pyprogramme\STST2603\claude_branch\results\22#\Figure_6b_regional_duration.png,True,True
D:\Pyprogramme\STST2603\claude_branch\results\cause_code_robustness\01_构成比例诊断.md,True,True
D:\Pyprogramme\STST2603\claude_branch\results\cause_code_robustness\02_weather_technical子集临界风速.md,True,True
D:\Pyprogramme\STST2603\claude_branch\results\cause_code_robustness\03_范围对比与判断.md,True,True
D:\Pyprogramme\STST2603\claude_branch\results\cause_code_robustness\04_综合结论.md,True,True
D:\Pyprogramme\STST2603\claude_branch\results\cause_code_robustness\05_一次二次项拆解判断.md,True,True
D:\Pyprogramme\STST2603\claude_branch\results\code10#\00_naive变量构造.md,True,True
D:\Pyprogramme\STST2603\claude_branch\results\code10#\01_naive模型拟合结果.md,True,True
D:\Pyprogramme\STST2603\claude_branch\results\code10#\02_三方对比与样本量效应拆解.md,True,True
D:\Pyprogramme\STST2603\claude_branch\results\code10#\04_构造关联性检验.md,True,True
D:\Pyprogramme\STST2603\claude_branch\results\code10#\05_综合判断.md,True,True
D:\Pyprogramme\STST2603\claude_branch\results\code11#\00_复现校验.md,True,True
D:\Pyprogramme\STST2603\claude_branch\results\code11#\01_逐折拐点.md,True,True
D:\Pyprogramme\STST2603\claude_branch\results\code11#\02_全样本拐点与置信区间.md,True,True
D:\Pyprogramme\STST2603\claude_branch\results\code11#\03_物理单位换算.md,True,True
D:\Pyprogramme\STST2603\claude_branch\results\code11#\04_观测范围检验.md,True,True
D:\Pyprogramme\STST2603\claude_branch\results\code11#\05_暴露侧与恢复侧对比.md,True,True
D:\Pyprogramme\STST2603\claude_branch\results\code11#\06_综合报告.md,True,True
D:\Pyprogramme\STST2603\claude_branch\results\code12#\01_构成比例诊断.md,True,True
D:\Pyprogramme\STST2603\claude_branch\results\code12#\02_weather_technical子集临界风速.md,True,True
D:\Pyprogramme\STST2603\claude_branch\results\code12#\03_范围对比与判断.md,True,True
D:\Pyprogramme\STST2603\claude_branch\results\code12#\04_综合结论.md,True,True
D:\Pyprogramme\STST2603\claude_branch\results\code12#\05_一次二次项拆解判断.md,True,True
D:\Pyprogramme\STST2603\claude_branch\results\code14#\00_天气缺失率单独核实.md,True,True
D:\Pyprogramme\STST2603\claude_branch\results\code14#\01_E0prime方差分解.md,True,True
D:\Pyprogramme\STST2603\claude_branch\results\code14#\02_R0cprimeB方差分解.md,True,True
D:\Pyprogramme\STST2603\claude_branch\results\code14#\03_综合报告.md,True,True
D:\Pyprogramme\STST2603\claude_branch\results\code16#\00_角色边界核实.md,True,True
D:\Pyprogramme\STST2603\claude_branch\results\code16#\01_干净开发样本重建.md,True,True
D:\Pyprogramme\STST2603\claude_branch\results\code16#\02_E0_R0c干净样本重估.md,True,True
D:\Pyprogramme\STST2603\claude_branch\results\code16#\03_临界风速重估.md,True,True
D:\Pyprogramme\STST2603\claude_branch\results\code16#\04_方差分解重估.md,True,True
D:\Pyprogramme\STST2603\claude_branch\results\code16#\05_新旧对比与判断.md,True,True
D:\Pyprogramme\STST2603\claude_branch\results\code9#\00_样本构建.md,True,True
D:\Pyprogramme\STST2603\claude_branch\results\code9#\01_LAD空间归属核查.md,True,True
D:\Pyprogramme\STST2603\claude_branch\results\code9#\02_交叉验证折构造.md,True,True
D:\Pyprogramme\STST2603\claude_branch\results\code9#\03_E0prime暴露模型结果.md,True,True
D:\Pyprogramme\STST2603\claude_branch\results\code9#\04_R0prime恢复模型结果.md,True,True
D:\Pyprogramme\STST2603\claude_branch\results\code9#\05_R0cprime控制customers后模型结果.md,True,True
D:\Pyprogramme\STST2603\claude_branch\results\code9#\06_综合对比与判断.md,True,True
D:\Pyprogramme\STST2603\claude_branch\results\critical_wind_speed\00_复现校验.md,True,True
D:\Pyprogramme\STST2603\claude_branch\results\critical_wind_speed\01_逐折拐点.md,True,True
D:\Pyprogramme\STST2603\claude_branch\results\critical_wind_speed\02_全样本拐点与置信区间.md,True,True
D:\Pyprogramme\STST2603\claude_branch\results\critical_wind_speed\03_物理单位换算.md,True,True
D:\Pyprogramme\STST2603\claude_branch\results\critical_wind_speed\04_观测范围检验.md,True,True
D:\Pyprogramme\STST2603\claude_branch\results\critical_wind_speed\05_暴露侧与恢复侧对比.md,True,True
D:\Pyprogramme\STST2603\claude_branch\results\critical_wind_speed\06_综合报告.md,True,True
D:\Pyprogramme\STST2603\claude_branch\results\customers_duration_shape_investigation\01_原始分箱关系.md,True,True
D:\Pyprogramme\STST2603\claude_branch\results\customers_duration_shape_investigation\02_子组构成排查.md,True,True
D:\Pyprogramme\STST2603\claude_branch\results\customers_duration_shape_investigation\03_灵活函数形式复核.md,True,True
D:\Pyprogramme\STST2603\claude_branch\results\customers_duration_shape_investigation\04_综合判断与叙事更新建议.md,True,True
D:\Pyprogramme\STST2603\claude_branch\results\customers_duration_shape_investigation\05_n_stages分层检验与最终叙事校准.md,True,True
D:\Pyprogramme\STST2603\claude_branch\results\datatest\00_数据集粒度确认.md,True,True
D:\Pyprogramme\STST2603\claude_branch\results\datatest\01_与网页端验证逻辑交叉核对.md,True,True
D:\Pyprogramme\STST2603\claude_branch\results\datatest\02_数据质量审查.md,True,True
D:\Pyprogramme\STST2603\claude_branch\results\datatest\03_过滤合并筛选方案建议.md,True,True
D:\Pyprogramme\STST2603\claude_branch\results\datatest\04_综合摘要.md,True,True
D:\Pyprogramme\STST2603\claude_branch\results\dev_sample_decontamination\00_角色边界核实.md,True,True
D:\Pyprogramme\STST2603\claude_branch\results\dev_sample_decontamination\01_干净开发样本重建.md,True,True
D:\Pyprogramme\STST2603\claude_branch\results\dev_sample_decontamination\02_E0_R0c干净样本重估.md,True,True
D:\Pyprogramme\STST2603\claude_branch\results\dev_sample_decontamination\03_临界风速重估.md,True,True
D:\Pyprogramme\STST2603\claude_branch\results\dev_sample_decontamination\04_方差分解重估.md,True,True
D:\Pyprogramme\STST2603\claude_branch\results\dev_sample_decontamination\05_新旧对比与判断.md,True,True
D:\Pyprogramme\STST2603\claude_branch\results\expansion_pool_validation\00b_step1_2_summary.json,True,True
D:\Pyprogramme\STST2603\claude_branch\results\expansion_pool_validation\00_盘点.md,True,True
D:\Pyprogramme\STST2603\claude_branch\results\expansion_pool_validation\02a_大样本共线性相关系数.csv,True,True
D:\Pyprogramme\STST2603\claude_branch\results\expansion_pool_validation\02b_大样本共线性VIF.csv,True,True
D:\Pyprogramme\STST2603\claude_branch\results\expansion_pool_validation\02_大样本逐折系数.csv,True,True
D:\Pyprogramme\STST2603\claude_branch\results\expansion_pool_validation\03_三方对比表.csv,True,True
D:\Pyprogramme\STST2603\claude_branch\results\expansion_pool_validation\04_扩样本验证综合结论.md,True,True
D:\Pyprogramme\STST2603\claude_branch\results\final_combined_analysis\00_全量样本构建.md,True,True
D:\Pyprogramme\STST2603\claude_branch\results\final_combined_analysis\01_全量样本E0_R0c最终拟合.md,True,True
D:\Pyprogramme\STST2603\claude_branch\results\final_combined_analysis\02_全量样本临界风速与方差分解.md,True,True
D:\Pyprogramme\STST2603\claude_branch\results\final_combined_analysis\03_阵风剂量反应曲线.csv,True,True
D:\Pyprogramme\STST2603\claude_branch\results\final_combined_analysis\03_阵风剂量反应曲线说明.md,True,True
D:\Pyprogramme\STST2603\claude_branch\results\final_combined_analysis\04a_基线区域差异_预测customers_v2.pdf,True,True
D:\Pyprogramme\STST2603\claude_branch\results\final_combined_analysis\04a_基线区域差异_预测customers_v2.png,True,True
D:\Pyprogramme\STST2603\claude_branch\results\final_combined_analysis\04b_基线区域差异_预测duration_B.pdf,True,True
D:\Pyprogramme\STST2603\claude_branch\results\final_combined_analysis\04b_基线区域差异_预测duration_B.png,True,True
D:\Pyprogramme\STST2603\claude_branch\results\final_combined_analysis\04_基线区域差异地图图注.md,True,True
D:\Pyprogramme\STST2603\claude_branch\results\final_combined_analysis\04_基线区域差异地图数据.csv,True,True
D:\Pyprogramme\STST2603\claude_branch\results\final_combined_analysis\05_阵风vs区域影响幅度对比.md,True,True
D:\Pyprogramme\STST2603\claude_branch\results\final_combined_analysis\06_暴露恢复预测面相关性.md,True,True
D:\Pyprogramme\STST2603\claude_branch\results\final_combined_analysis\07_customers_v2剂量反应曲线.csv,True,True
D:\Pyprogramme\STST2603\claude_branch\results\final_combined_analysis\07_customers_v2剂量反应曲线说明.md,True,True
D:\Pyprogramme\STST2603\claude_branch\results\final_combined_analysis\08_阵风vs客户规模剂量反应对比图.pdf,True,True
D:\Pyprogramme\STST2603\claude_branch\results\final_combined_analysis\08_阵风vs客户规模剂量反应对比图.png,True,True
D:\Pyprogramme\STST2603\claude_branch\results\final_combined_analysis\09_地图角色重新定位说明.md,True,True
D:\Pyprogramme\STST2603\claude_branch\results\final_combined_analysis\10_命名风暴核实.md,True,True
D:\Pyprogramme\STST2603\claude_branch\results\final_combined_analysis\11_重点案例详细数据.md,True,True
D:\Pyprogramme\STST2603\claude_branch\results\final_combined_analysis\12_案例文字草稿.md,True,True
D:\Pyprogramme\STST2603\claude_branch\results\final_combined_analysis\13_风暴期预测检验.csv,True,True
D:\Pyprogramme\STST2603\claude_branch\results\final_combined_analysis\13_风暴期预测检验散点图.pdf,True,True
D:\Pyprogramme\STST2603\claude_branch\results\final_combined_analysis\13_风暴期预测检验散点图.png,True,True
D:\Pyprogramme\STST2603\claude_branch\results\final_combined_analysis\14_风暴期vs全样本预测精度对照.md,True,True
D:\Pyprogramme\STST2603\claude_branch\results\final_combined_analysis\15_风暴期预测检验文字草稿.md,True,True
D:\Pyprogramme\STST2603\claude_branch\results\final_combined_analysis\16_变异范围受限诊断.md,True,True
D:\Pyprogramme\STST2603\claude_branch\results\final_combined_analysis\17_weather_natural子样本构建.md,True,True
D:\Pyprogramme\STST2603\claude_branch\results\final_combined_analysis\18_weather_natural子样本回归结果.md,True,True
D:\Pyprogramme\STST2603\claude_branch\results\final_combined_analysis\19_weather_natural子样本方差分解与临界风速.md,True,True
D:\Pyprogramme\STST2603\claude_branch\results\final_combined_analysis\20_综合判断.md,True,True
D:\Pyprogramme\STST2603\claude_branch\results\final_combined_analysis\21_阵风分布对比.md,True,True
D:\Pyprogramme\STST2603\claude_branch\results\final_combined_analysis\22_CauseCode判定与阵风水平关系.md,True,True
D:\Pyprogramme\STST2603\claude_branch\results\final_combined_analysis\23_低阵风端锚点密度检验.md,True,True
D:\Pyprogramme\STST2603\claude_branch\results\final_combined_analysis\24_综合判断.md,True,True
D:\Pyprogramme\STST2603\claude_branch\results\final_combined_analysis\25_全量样本customers_duration相关系数.md,True,True
D:\Pyprogramme\STST2603\claude_branch\results\final_combined_analysis\26_VIF共线性检查.md,True,True
D:\Pyprogramme\STST2603\claude_branch\results\final_combined_analysis\27_customers_v2符号反转收尾检验.md,True,True
D:\Pyprogramme\STST2603\claude_branch\results\final_combined_analysis\28_空间自相关稳健性检验.md,True,True
D:\Pyprogramme\STST2603\claude_branch\results\final_combined_analysis\29_最终验证综合汇总.md,True,True
D:\Pyprogramme\STST2603\claude_branch\results\final_combined_analysis\30_风暴权重占比.md,True,True
D:\Pyprogramme\STST2603\claude_branch\results\final_combined_analysis\31_反事实迁移分析.md,True,True
D:\Pyprogramme\STST2603\claude_branch\results\final_combined_analysis\32_反事实分析稳健性.md,True,True
D:\Pyprogramme\STST2603\claude_branch\results\final_combined_analysis\33_综合判断.md,True,True
D:\Pyprogramme\STST2603\claude_branch\results\final_combined_analysis\34_论文数字总账.md,True,True
D:\Pyprogramme\STST2603\claude_branch\results\final_combined_analysis\35_论文Section2补充数字.md,True,True
D:\Pyprogramme\STST2603\claude_branch\results\final_combined_analysis\36_全六组干净样本构建.md,True,True
D:\Pyprogramme\STST2603\claude_branch\results\final_combined_analysis\37_全六组干净样本R0c拟合结果.md,True,True
D:\Pyprogramme\STST2603\claude_branch\results\final_combined_analysis\38_综合对比与最终文字.md,True,True
D:\Pyprogramme\STST2603\claude_branch\results\final_combined_analysis\39_v6数据来源引用回溯.md,True,True
D:\Pyprogramme\STST2603\claude_branch\results\final_combined_analysis\40_全文图表风格规范与Figure1_2_6制作.md,True,True
D:\Pyprogramme\STST2603\claude_branch\results\final_combined_analysis\41_图表风格规范修正V2.md,True,True
D:\Pyprogramme\STST2603\claude_branch\results\final_combined_analysis\42_图片内容详细描述.md,True,True
D:\Pyprogramme\STST2603\claude_branch\results\final_combined_analysis\43_模型形式适用性检查.md,True,True
D:\Pyprogramme\STST2603\claude_branch\results\final_combined_analysis\44_Section4图表详细描述.md,True,True
D:\Pyprogramme\STST2603\claude_branch\results\final_combined_analysis\45_审稿意见核实与重算.md,True,True
D:\Pyprogramme\STST2603\claude_branch\results\final_combined_analysis\46_附录数据收集与公式核对.md,True,True
D:\Pyprogramme\STST2603\claude_branch\results\final_combined_analysis\47_三阶项检验与对称性分析.md,True,True
D:\Pyprogramme\STST2603\claude_branch\results\final_combined_analysis\48_附录D补全与附录A数据收集.md,True,True
D:\Pyprogramme\STST2603\claude_branch\results\final_combined_analysis\49_附录D图表数据与描述.md,True,True
D:\Pyprogramme\STST2603\claude_branch\results\final_combined_analysis\50_数学审查本地核实.md,True,True
D:\Pyprogramme\STST2603\claude_branch\results\gust_duration_customer_adjusted\00_step1_repro_check.csv,True,True
D:\Pyprogramme\STST2603\claude_branch\results\gust_duration_customer_adjusted\02a_gust_customers_correlation.csv,True,True
D:\Pyprogramme\STST2603\claude_branch\results\gust_duration_customer_adjusted\02_共线性诊断_VIF.csv,True,True
D:\Pyprogramme\STST2603\claude_branch\results\gust_duration_customer_adjusted\03b_控制前后稳定性汇总.csv,True,True
D:\Pyprogramme\STST2603\claude_branch\results\gust_duration_customer_adjusted\03_控制前后对比表.csv,True,True
D:\Pyprogramme\STST2603\claude_branch\results\gust_duration_customer_adjusted\04_控制customers后的阵风系数稳定性报告.md,True,True
D:\Pyprogramme\STST2603\claude_branch\results\gust_duration_customer_adjusted\raw_fold_coefs_R0c.csv,True,True
D:\Pyprogramme\STST2603\claude_branch\results\module_e_final_confirmation\00_holdout样本构建.md,True,True
D:\Pyprogramme\STST2603\claude_branch\results\module_e_final_confirmation\00_holdout样本构建_命令15已废弃_基于污染前提.md,True,True
D:\Pyprogramme\STST2603\claude_branch\results\module_e_final_confirmation\01_E0暴露模型holdout结果.md,True,True
D:\Pyprogramme\STST2603\claude_branch\results\module_e_final_confirmation\02_R0c恢复模型holdout结果.md,True,True
D:\Pyprogramme\STST2603\claude_branch\results\module_e_final_confirmation\03_方差分解holdout复现.md,True,True
D:\Pyprogramme\STST2603\claude_branch\results\module_e_final_confirmation\04_综合判断.md,True,True
D:\Pyprogramme\STST2603\claude_branch\results\old_paper_framework_review\00_旧论文正文结构梳理.md,True,True
D:\Pyprogramme\STST2603\claude_branch\results\old_paper_framework_review\01_建模画图脚本清单.md,True,True
D:\Pyprogramme\STST2603\claude_branch\results\old_paper_framework_review\02_LAD风敏感性地图方法精确复原.md,True,True
D:\Pyprogramme\STST2603\claude_branch\results\old_paper_framework_review\03_其余建模内容概览.md,True,True
D:\Pyprogramme\STST2603\claude_branch\results\old_paper_framework_review\04_旧论文完整框架地图.md,True,True
D:\Pyprogramme\STST2603\claude_branch\results\oof_coef_stability\03_阵风系数样本外稳定性报告.md,True,True
D:\Pyprogramme\STST2603\claude_branch\results\oof_coef_stability\raw_fold_coefs.csv,True,True
D:\Pyprogramme\STST2603\claude_branch\results\pipeline_archaeology\00_项目框架说明摘录.md,True,True
D:\Pyprogramme\STST2603\claude_branch\results\pipeline_archaeology\01_相关脚本清单.md,True,True
D:\Pyprogramme\STST2603\claude_branch\results\pipeline_archaeology\02_数据链路图.md,True,True
D:\Pyprogramme\STST2603\claude_branch\results\pipeline_archaeology\03_脚本详细文档.md,True,True
D:\Pyprogramme\STST2603\claude_branch\results\pipeline_archaeology\04_与官方公式差异定位.md,True,True
D:\Pyprogramme\STST2603\claude_branch\results\pipeline_archaeology\05_customers为0情况说明.md,True,True
D:\Pyprogramme\STST2603\claude_branch\results\pipeline_archaeology\06_综合结论_复用地图.md,True,True
D:\Pyprogramme\STST2603\claude_branch\results\pipeline_v2_output\00_原始字段验证.md,True,True
D:\Pyprogramme\STST2603\claude_branch\results\pipeline_v2_output\01_新版基础表校验.md,True,True
D:\Pyprogramme\STST2603\claude_branch\results\pipeline_v2_output\02_重建方法论与证据链.md,True,True
D:\Pyprogramme\STST2603\claude_branch\results\pipeline_v2_output\03_下游重跑规模评估.md,True,True
D:\Pyprogramme\STST2603\claude_branch\results\test1b_independence_check\00_step1_sample_summary.json,True,True
D:\Pyprogramme\STST2603\claude_branch\results\test1b_independence_check\01_spearman.csv,True,True
D:\Pyprogramme\STST2603\claude_branch\results\test1b_independence_check\02_distance_correlation.csv,True,True
D:\Pyprogramme\STST2603\claude_branch\results\test1b_independence_check\03_mutual_information.csv,True,True
D:\Pyprogramme\STST2603\claude_branch\results\test1b_independence_check\04b_stratified_duration_by_customer_bin_detail.csv,True,True
D:\Pyprogramme\STST2603\claude_branch\results\test1b_independence_check\04_kruskal_wallis_stratified.csv,True,True
D:\Pyprogramme\STST2603\claude_branch\results\test1b_independence_check\05_独立性检验综合结论.md,True,True
D:\Pyprogramme\STST2603\claude_branch\results\test1b_independence_check\99_all_steps_summary.json,True,True
D:\Pyprogramme\STST2603\claude_branch\results\test1_cluster_screening\00b_step1_sample_summary.json,True,True
D:\Pyprogramme\STST2603\claude_branch\results\test1_cluster_screening\00_数据盘点.md,True,True
D:\Pyprogramme\STST2603\claude_branch\results\test1_cluster_screening\01b_2d_kde_peaks.json,True,True
D:\Pyprogramme\STST2603\claude_branch\results\test1_cluster_screening\01_双峰性检验结果.csv,True,True
D:\Pyprogramme\STST2603\claude_branch\results\test1_cluster_screening\02_gmm_bic_icl.csv,True,True
D:\Pyprogramme\STST2603\claude_branch\results\test1_cluster_screening\03_kmeans_ari_对照.csv,True,True
D:\Pyprogramme\STST2603\claude_branch\results\test1_cluster_screening\04_类别样本量检查.csv,True,True
D:\Pyprogramme\STST2603\claude_branch\results\test1_cluster_screening\05_Test1摸底结论.md,True,True
D:\Pyprogramme\STST2603\claude_branch\results\test1_cluster_screening\99_all_steps_summary.json,True,True
D:\Pyprogramme\STST2603\claude_branch\results\v3_controlled_comparison\00_naive变量构造.md,True,True
D:\Pyprogramme\STST2603\claude_branch\results\v3_controlled_comparison\01_naive模型拟合结果.md,True,True
D:\Pyprogramme\STST2603\claude_branch\results\v3_controlled_comparison\02_三方对比与样本量效应拆解.md,True,True
D:\Pyprogramme\STST2603\claude_branch\results\v3_controlled_comparison\04_构造关联性检验.md,True,True
D:\Pyprogramme\STST2603\claude_branch\results\v3_controlled_comparison\05_综合判断.md,True,True
D:\Pyprogramme\STST2603\claude_branch\results\v3_dataset_audit\00_数据集粒度确认.md,True,True
D:\Pyprogramme\STST2603\claude_branch\results\v3_dataset_audit\01_与网页端验证逻辑交叉核对.md,True,True
D:\Pyprogramme\STST2603\claude_branch\results\v3_dataset_audit\02_数据质量审查.md,True,True
D:\Pyprogramme\STST2603\claude_branch\results\v3_dataset_audit\03_过滤合并筛选方案建议.md,True,True
D:\Pyprogramme\STST2603\claude_branch\results\v3_dataset_audit\04_综合摘要.md,True,True
D:\Pyprogramme\STST2603\claude_branch\results\v3_validation\00_样本构建.md,True,True
D:\Pyprogramme\STST2603\claude_branch\results\v3_validation\01_LAD空间归属核查.md,True,True
D:\Pyprogramme\STST2603\claude_branch\results\v3_validation\02_交叉验证折构造.md,True,True
D:\Pyprogramme\STST2603\claude_branch\results\v3_validation\03_E0prime暴露模型结果.md,True,True
D:\Pyprogramme\STST2603\claude_branch\results\v3_validation\04_R0prime恢复模型结果.md,True,True
D:\Pyprogramme\STST2603\claude_branch\results\v3_validation\05_R0cprime控制customers后模型结果.md,True,True
D:\Pyprogramme\STST2603\claude_branch\results\v3_validation\06_综合对比与判断.md,True,True
D:\Pyprogramme\STST2603\claude_branch\results\variance_decomposition\00_天气缺失率单独核实.md,True,True
D:\Pyprogramme\STST2603\claude_branch\results\variance_decomposition\01_E0prime方差分解.md,True,True
D:\Pyprogramme\STST2603\claude_branch\results\variance_decomposition\02_R0cprimeB方差分解.md,True,True
D:\Pyprogramme\STST2603\claude_branch\results\variance_decomposition\03_综合报告.md,True,True
D:\Pyprogramme\STST2603\claude_branch\results\variance_decomposition\raw_step0_weather_missing.json,True,True
D:\Pyprogramme\STST2603\claude_branch\results\cause_code_robustness\raw\composition_equal_freq_bins.csv,True,True
D:\Pyprogramme\STST2603\claude_branch\results\cause_code_robustness\raw\composition_equal_width_bins.csv,True,True
D:\Pyprogramme\STST2603\claude_branch\results\cause_code_robustness\raw\E0_prime_WT_bootstrap_turning_points_z.csv,True,True
D:\Pyprogramme\STST2603\claude_branch\results\cause_code_robustness\raw\E0_prime_WT_fold_coefs.csv,True,True
D:\Pyprogramme\STST2603\claude_branch\results\cause_code_robustness\raw\E0_prime_WT_fold_turning_points.csv,True,True
D:\Pyprogramme\STST2603\claude_branch\results\cause_code_robustness\raw\R0c_prime_B_WT_bootstrap_turning_points_z.csv,True,True
D:\Pyprogramme\STST2603\claude_branch\results\cause_code_robustness\raw\R0c_prime_B_WT_fold_coefs.csv,True,True
D:\Pyprogramme\STST2603\claude_branch\results\cause_code_robustness\raw\R0c_prime_B_WT_fold_turning_points.csv,True,True
D:\Pyprogramme\STST2603\claude_branch\results\cause_code_robustness\raw\step1_fold_turning_point_summary_WT.json,True,True
D:\Pyprogramme\STST2603\claude_branch\results\cause_code_robustness\raw\step2_sample_sizes.json,True,True
D:\Pyprogramme\STST2603\claude_branch\results\cause_code_robustness\raw\step2_turning_point_estimates_WT.json,True,True
D:\Pyprogramme\STST2603\claude_branch\results\cause_code_robustness\raw\step3_physical_units_WT.json,True,True
D:\Pyprogramme\STST2603\claude_branch\results\cause_code_robustness\raw\step4_distribution_and_percentile_WT.json,True,True
D:\Pyprogramme\STST2603\claude_branch\results\critical_wind_speed\raw\E0_prime_bootstrap_turning_points_z.csv,True,True
D:\Pyprogramme\STST2603\claude_branch\results\critical_wind_speed\raw\E0_prime_fold_turning_points.csv,True,True
D:\Pyprogramme\STST2603\claude_branch\results\critical_wind_speed\raw\R0c_prime_B_bootstrap_turning_points_z.csv,True,True
D:\Pyprogramme\STST2603\claude_branch\results\critical_wind_speed\raw\R0c_prime_B_fold_turning_points.csv,True,True
D:\Pyprogramme\STST2603\claude_branch\results\critical_wind_speed\raw\step0_reproduction_check.json,True,True
D:\Pyprogramme\STST2603\claude_branch\results\critical_wind_speed\raw\step1_fold_turning_point_summary.json,True,True
D:\Pyprogramme\STST2603\claude_branch\results\critical_wind_speed\raw\step2_turning_point_estimates.json,True,True
D:\Pyprogramme\STST2603\claude_branch\results\critical_wind_speed\raw\step3_physical_units.json,True,True
D:\Pyprogramme\STST2603\claude_branch\results\critical_wind_speed\raw\step4_distribution_and_percentile.json,True,True
D:\Pyprogramme\STST2603\claude_branch\results\customers_duration_shape_investigation\raw\01_naive_definition_log_scale_bins.csv,True,True
D:\Pyprogramme\STST2603\claude_branch\results\customers_duration_shape_investigation\raw\01_naive_definition_raw_scale_bins.csv,True,True
D:\Pyprogramme\STST2603\claude_branch\results\customers_duration_shape_investigation\raw\01_new_definition_log_scale_bins.csv,True,True
D:\Pyprogramme\STST2603\claude_branch\results\customers_duration_shape_investigation\raw\01_new_definition_raw_scale_bins.csv,True,True
D:\Pyprogramme\STST2603\claude_branch\results\customers_duration_shape_investigation\raw\02_subgroup_customers_v2_distribution.csv,True,True
D:\Pyprogramme\STST2603\claude_branch\results\customers_duration_shape_investigation\raw\02_technical_asset_log_scale_bins.csv,True,True
D:\Pyprogramme\STST2603\claude_branch\results\customers_duration_shape_investigation\raw\02_technical_asset_raw_scale_bins.csv,True,True
D:\Pyprogramme\STST2603\claude_branch\results\customers_duration_shape_investigation\raw\02_weather_natural_log_scale_bins.csv,True,True
D:\Pyprogramme\STST2603\claude_branch\results\customers_duration_shape_investigation\raw\02_weather_natural_raw_scale_bins.csv,True,True
D:\Pyprogramme\STST2603\claude_branch\results\customers_duration_shape_investigation\raw\03_customer_decile_dummy_coefficients.csv,True,True
D:\Pyprogramme\STST2603\claude_branch\results\customers_duration_shape_investigation\raw\05_multi_stage_all_bins.csv,True,True
D:\Pyprogramme\STST2603\claude_branch\results\customers_duration_shape_investigation\raw\05_n_stages2_bins.csv,True,True
D:\Pyprogramme\STST2603\claude_branch\results\customers_duration_shape_investigation\raw\05_n_stages3_4_bins.csv,True,True
D:\Pyprogramme\STST2603\claude_branch\results\customers_duration_shape_investigation\raw\05_n_stagesgte5_bins.csv,True,True
D:\Pyprogramme\STST2603\claude_branch\results\customers_duration_shape_investigation\raw\05_n_stages_distribution.csv,True,True
D:\Pyprogramme\STST2603\claude_branch\results\customers_duration_shape_investigation\raw\05_regression_with_without_n_stages.csv,True,True
D:\Pyprogramme\STST2603\claude_branch\results\customers_duration_shape_investigation\raw\05_single_stage_bins.csv,True,True
D:\Pyprogramme\STST2603\claude_branch\results\dev_sample_decontamination\raw\clean_dev_sample_incident_ids.csv,True,True
D:\Pyprogramme\STST2603\claude_branch\results\dev_sample_decontamination\raw\E0_prime_clean_bootstrap_turning_points_z.csv,True,True
D:\Pyprogramme\STST2603\claude_branch\results\dev_sample_decontamination\raw\E0_prime_clean_fold_coefs.csv,True,True
D:\Pyprogramme\STST2603\claude_branch\results\dev_sample_decontamination\raw\E0_prime_clean_fold_turning_points.csv,True,True
D:\Pyprogramme\STST2603\claude_branch\results\dev_sample_decontamination\raw\E0_prime_clean_variance_decomposition.csv,True,True
D:\Pyprogramme\STST2603\claude_branch\results\dev_sample_decontamination\raw\R0c_prime_B_clean_bootstrap_turning_points_z.csv,True,True
D:\Pyprogramme\STST2603\claude_branch\results\dev_sample_decontamination\raw\R0c_prime_B_clean_fold_coefs.csv,True,True
D:\Pyprogramme\STST2603\claude_branch\results\dev_sample_decontamination\raw\R0c_prime_B_clean_fold_turning_points.csv,True,True
D:\Pyprogramme\STST2603\claude_branch\results\dev_sample_decontamination\raw\R0c_prime_B_clean_order_customers_then_gust.csv,True,True
D:\Pyprogramme\STST2603\claude_branch\results\dev_sample_decontamination\raw\R0c_prime_B_clean_order_gust_then_customers.csv,True,True
D:\Pyprogramme\STST2603\claude_branch\results\dev_sample_decontamination\raw\step1_boundary_edge_cases.json,True,True
D:\Pyprogramme\STST2603\claude_branch\results\dev_sample_decontamination\raw\step1_clean_sample_summary.json,True,True
D:\Pyprogramme\STST2603\claude_branch\results\dev_sample_decontamination\raw\step2_sample_sizes_clean.json,True,True
D:\Pyprogramme\STST2603\claude_branch\results\dev_sample_decontamination\raw\step2_stability_summary_clean.csv,True,True
D:\Pyprogramme\STST2603\claude_branch\results\dev_sample_decontamination\raw\step3_distribution_and_percentile_clean.json,True,True
D:\Pyprogramme\STST2603\claude_branch\results\dev_sample_decontamination\raw\step3_fold_turning_point_summary_clean.json,True,True
D:\Pyprogramme\STST2603\claude_branch\results\dev_sample_decontamination\raw\step3_physical_units_clean.json,True,True
D:\Pyprogramme\STST2603\claude_branch\results\dev_sample_decontamination\raw\step3_turning_point_estimates_clean.json,True,True
D:\Pyprogramme\STST2603\claude_branch\results\final_combined_analysis\figures\Figure_10_robustness_forest.pdf,True,True
D:\Pyprogramme\STST2603\claude_branch\results\final_combined_analysis\figures\Figure_10_robustness_forest.png,True,True
D:\Pyprogramme\STST2603\claude_branch\results\final_combined_analysis\figures\Figure_1_study_area_map.pdf,True,True
D:\Pyprogramme\STST2603\claude_branch\results\final_combined_analysis\figures\Figure_1_study_area_map.png,True,True
D:\Pyprogramme\STST2603\claude_branch\results\final_combined_analysis\figures\Figure_2_distribution.pdf,True,True
D:\Pyprogramme\STST2603\claude_branch\results\final_combined_analysis\figures\Figure_2_distribution.png,True,True
D:\Pyprogramme\STST2603\claude_branch\results\final_combined_analysis\figures\Figure_4_dose_response.pdf,True,True
D:\Pyprogramme\STST2603\claude_branch\results\final_combined_analysis\figures\Figure_4_dose_response.png,True,True
D:\Pyprogramme\STST2603\claude_branch\results\final_combined_analysis\figures\Figure_5_variance_decomposition.pdf,True,True
D:\Pyprogramme\STST2603\claude_branch\results\final_combined_analysis\figures\Figure_5_variance_decomposition.png,True,True
D:\Pyprogramme\STST2603\claude_branch\results\final_combined_analysis\figures\Figure_6a_regional_customers.png,True,True
D:\Pyprogramme\STST2603\claude_branch\results\final_combined_analysis\figures\Figure_6b_regional_duration.png,True,True
D:\Pyprogramme\STST2603\claude_branch\results\final_combined_analysis\figures\Figure_7_magnitude_comparison.pdf,True,True
D:\Pyprogramme\STST2603\claude_branch\results\final_combined_analysis\figures\Figure_7_magnitude_comparison.png,True,True
D:\Pyprogramme\STST2603\claude_branch\results\final_combined_analysis\figures\Figure_8_weather_subsample_comparison.pdf,True,True
D:\Pyprogramme\STST2603\claude_branch\results\final_combined_analysis\figures\Figure_8_weather_subsample_comparison.png,True,True
D:\Pyprogramme\STST2603\claude_branch\results\final_combined_analysis\figures\Figure_9_storm_validation.pdf,True,True
D:\Pyprogramme\STST2603\claude_branch\results\final_combined_analysis\figures\Figure_9_storm_validation.png,True,True
D:\Pyprogramme\STST2603\claude_branch\results\final_combined_analysis\figures\Figure_D1_composition_effect.pdf,True,True
D:\Pyprogramme\STST2603\claude_branch\results\final_combined_analysis\figures\Figure_D1_composition_effect.png,True,True
D:\Pyprogramme\STST2603\claude_branch\results\final_combined_analysis\raw\step0_verification.json,True,True
D:\Pyprogramme\STST2603\claude_branch\results\final_combined_analysis\raw\step10_Storm_Arwen_events.csv,True,True
D:\Pyprogramme\STST2603\claude_branch\results\final_combined_analysis\raw\step10_Storm_Babet_events.csv,True,True
D:\Pyprogramme\STST2603\claude_branch\results\final_combined_analysis\raw\step10_Storm_Ciaran_events.csv,True,True
D:\Pyprogramme\STST2603\claude_branch\results\final_combined_analysis\raw\step10_Storm_Dudley_events.csv,True,True
D:\Pyprogramme\STST2603\claude_branch\results\final_combined_analysis\raw\step10_Storm_Eunice_events.csv,True,True
D:\Pyprogramme\STST2603\claude_branch\results\final_combined_analysis\raw\step10_Storm_Franklin_events.csv,True,True
D:\Pyprogramme\STST2603\claude_branch\results\final_combined_analysis\raw\step10_Storm_Henk_events.csv,True,True
D:\Pyprogramme\STST2603\claude_branch\results\final_combined_analysis\raw\step10_storm_summary.json,True,True
D:\Pyprogramme\STST2603\claude_branch\results\final_combined_analysis\raw\step13_summary.json,True,True
D:\Pyprogramme\STST2603\claude_branch\results\final_combined_analysis\raw\step16_range_restriction.csv,True,True
D:\Pyprogramme\STST2603\claude_branch\results\final_combined_analysis\raw\step17_critical_wind_speed.json,True,True
D:\Pyprogramme\STST2603\claude_branch\results\final_combined_analysis\raw\step17_E0_variance_decomposition.csv,True,True
D:\Pyprogramme\STST2603\claude_branch\results\final_combined_analysis\raw\step17_E0_weather_natural_fold_coefs.csv,True,True
D:\Pyprogramme\STST2603\claude_branch\results\final_combined_analysis\raw\step17_E0_wn_bootstrap_turning_points_z.csv,True,True
D:\Pyprogramme\STST2603\claude_branch\results\final_combined_analysis\raw\step17_full_fit.json,True,True
D:\Pyprogramme\STST2603\claude_branch\results\final_combined_analysis\raw\step17_R0c_order_customers_then_gust.csv,True,True
D:\Pyprogramme\STST2603\claude_branch\results\final_combined_analysis\raw\step17_R0c_order_gust_then_customers.csv,True,True
D:\Pyprogramme\STST2603\claude_branch\results\final_combined_analysis\raw\step17_R0c_weather_natural_fold_coefs.csv,True,True
D:\Pyprogramme\STST2603\claude_branch\results\final_combined_analysis\raw\step17_sample_sizes.json,True,True
D:\Pyprogramme\STST2603\claude_branch\results\final_combined_analysis\raw\step17_stability_summary.csv,True,True
D:\Pyprogramme\STST2603\claude_branch\results\final_combined_analysis\raw\step1_E0_final_full_coefs.csv,True,True
D:\Pyprogramme\STST2603\claude_branch\results\final_combined_analysis\raw\step1_meta.json,True,True
D:\Pyprogramme\STST2603\claude_branch\results\final_combined_analysis\raw\step1_R0c_final_full_coefs.csv,True,True
D:\Pyprogramme\STST2603\claude_branch\results\final_combined_analysis\raw\step21_gust_distributions.json,True,True
D:\Pyprogramme\STST2603\claude_branch\results\final_combined_analysis\raw\step22_wn_share_by_decile.csv,True,True
D:\Pyprogramme\STST2603\claude_branch\results\final_combined_analysis\raw\step23_anchor_density.json,True,True
D:\Pyprogramme\STST2603\claude_branch\results\final_combined_analysis\raw\step26_E0_vif.csv,True,True
D:\Pyprogramme\STST2603\claude_branch\results\final_combined_analysis\raw\step26_full_summary.json,True,True
D:\Pyprogramme\STST2603\claude_branch\results\final_combined_analysis\raw\step26_R0c_vif.csv,True,True
D:\Pyprogramme\STST2603\claude_branch\results\final_combined_analysis\raw\step28_E0_date_cluster.csv,True,True
D:\Pyprogramme\STST2603\claude_branch\results\final_combined_analysis\raw\step28_E0_lad_cluster.csv,True,True
D:\Pyprogramme\STST2603\claude_branch\results\final_combined_analysis\raw\step28_E0_twoway_cluster.csv,True,True
D:\Pyprogramme\STST2603\claude_branch\results\final_combined_analysis\raw\step28_R0c_date_cluster.csv,True,True
D:\Pyprogramme\STST2603\claude_branch\results\final_combined_analysis\raw\step28_R0c_lad_cluster.csv,True,True
D:\Pyprogramme\STST2603\claude_branch\results\final_combined_analysis\raw\step28_R0c_twoway_cluster.csv,True,True
D:\Pyprogramme\STST2603\claude_branch\results\final_combined_analysis\raw\step2_critical_wind_speed.json,True,True
D:\Pyprogramme\STST2603\claude_branch\results\final_combined_analysis\raw\step2_E0_bootstrap_turning_points_z.csv,True,True
D:\Pyprogramme\STST2603\claude_branch\results\final_combined_analysis\raw\step2_E0_variance_decomposition.csv,True,True
D:\Pyprogramme\STST2603\claude_branch\results\final_combined_analysis\raw\step2_R0c_order_customers_then_gust.csv,True,True
D:\Pyprogramme\STST2603\claude_branch\results\final_combined_analysis\raw\step2_R0c_order_gust_then_customers.csv,True,True
D:\Pyprogramme\STST2603\claude_branch\results\final_combined_analysis\raw\step30_storm_weight.json,True,True
D:\Pyprogramme\STST2603\claude_branch\results\final_combined_analysis\raw\step31_counterfactual.json,True,True
D:\Pyprogramme\STST2603\claude_branch\results\final_combined_analysis\raw\step32_robustness.json,True,True
D:\Pyprogramme\STST2603\claude_branch\results\final_combined_analysis\raw\step36_verification.json,True,True
D:\Pyprogramme\STST2603\claude_branch\results\final_combined_analysis\raw\step37_six_group_R0c_fold_coefs.csv,True,True
D:\Pyprogramme\STST2603\claude_branch\results\final_combined_analysis\raw\step37_six_group_R0c_stability.csv,True,True
D:\Pyprogramme\STST2603\claude_branch\results\final_combined_analysis\raw\step38_F4_customers_mean_ratio.json,True,True
D:\Pyprogramme\STST2603\claude_branch\results\final_combined_analysis\raw\step38_M6_decompose_sample_vs_definition.json,True,True
D:\Pyprogramme\STST2603\claude_branch\results\final_combined_analysis\raw\step38_M6_nonlinear_dependence.json,True,True
D:\Pyprogramme\STST2603\claude_branch\results\final_combined_analysis\raw\step3_dose_response_summary.json,True,True
D:\Pyprogramme\STST2603\claude_branch\results\final_combined_analysis\raw\step40_1_cubic_E0.json,True,True
D:\Pyprogramme\STST2603\claude_branch\results\final_combined_analysis\raw\step40_1_cubic_R0c.json,True,True
D:\Pyprogramme\STST2603\claude_branch\results\final_combined_analysis\raw\step40_2_zspace_symmetry.json,True,True
D:\Pyprogramme\STST2603\claude_branch\results\final_combined_analysis\raw\step40_model_form_check.json,True,True
D:\Pyprogramme\STST2603\claude_branch\results\final_combined_analysis\raw\step42_crosstab_mean_duration.csv,True,True
D:\Pyprogramme\STST2603\claude_branch\results\final_combined_analysis\raw\step42_crosstab_n.csv,True,True
D:\Pyprogramme\STST2603\claude_branch\results\final_combined_analysis\raw\step42_event_level_with_groups.csv,True,True
D:\Pyprogramme\STST2603\claude_branch\results\final_combined_analysis\raw\step42_pooled_mean_duration.csv,True,True
D:\Pyprogramme\STST2603\claude_branch\results\final_combined_analysis\raw\step43_M01_M03_M05.json,True,True
D:\Pyprogramme\STST2603\claude_branch\results\final_combined_analysis\raw\step43_M05_bootstrap_full.csv,True,True
D:\Pyprogramme\STST2603\claude_branch\results\final_combined_analysis\raw\step4_regional_map_summary.json,True,True
D:\Pyprogramme\STST2603\claude_branch\results\final_combined_analysis\raw\step7_customers_dose_response_summary.json,True,True
D:\Pyprogramme\STST2603\claude_branch\results\final_combined_analysis\raw\step40_residual_diagnostics\step40_E0_qqplot.png,True,True
D:\Pyprogramme\STST2603\claude_branch\results\final_combined_analysis\raw\step40_residual_diagnostics\step40_E0_resid_vs_fitted.png,True,True
D:\Pyprogramme\STST2603\claude_branch\results\final_combined_analysis\raw\step40_residual_diagnostics\step40_R0c_qqplot.png,True,True
D:\Pyprogramme\STST2603\claude_branch\results\final_combined_analysis\raw\step40_residual_diagnostics\step40_R0c_resid_vs_fitted.png,True,True
D:\Pyprogramme\STST2603\claude_branch\results\module_e_final_confirmation\raw\step0_holdout_vs_dev_summary.json,True,True
D:\Pyprogramme\STST2603\claude_branch\results\module_e_final_confirmation\raw\step1_E0_bootstrap_turning_points_z.csv,True,True
D:\Pyprogramme\STST2603\claude_branch\results\module_e_final_confirmation\raw\step1_E0_holdout_coefs.csv,True,True
D:\Pyprogramme\STST2603\claude_branch\results\module_e_final_confirmation\raw\step1_E0_turning_point.json,True,True
D:\Pyprogramme\STST2603\claude_branch\results\module_e_final_confirmation\raw\step2_holdout_single_stage_bins.csv,True,True
D:\Pyprogramme\STST2603\claude_branch\results\module_e_final_confirmation\raw\step2_n_stages_check.json,True,True
D:\Pyprogramme\STST2603\claude_branch\results\module_e_final_confirmation\raw\step2_R0c_holdout_coefs.csv,True,True
D:\Pyprogramme\STST2603\claude_branch\results\module_e_final_confirmation\raw\step3_E0_holdout_variance_decomposition.csv,True,True
D:\Pyprogramme\STST2603\claude_branch\results\module_e_final_confirmation\raw\step3_R0c_holdout_order_customers_then_gust.csv,True,True
D:\Pyprogramme\STST2603\claude_branch\results\module_e_final_confirmation\raw\step3_R0c_holdout_order_gust_then_customers.csv,True,True
D:\Pyprogramme\STST2603\claude_branch\results\pipeline_v2_output\synthetic_smoke_test\_smoke_test_synthetic.py,True,True
D:\Pyprogramme\STST2603\claude_branch\results\pipeline_v2_output\synthetic_smoke_test\_synthetic_boundary.csv,True,True
D:\Pyprogramme\STST2603\claude_branch\results\pipeline_v2_output\synthetic_smoke_test\_synthetic_cause_consistency.csv,True,True
D:\Pyprogramme\STST2603\claude_branch\results\pipeline_v2_output\synthetic_smoke_test\_synthetic_event_level.csv,True,True
D:\Pyprogramme\STST2603\claude_branch\results\pipeline_v2_output\synthetic_smoke_test\_synthetic_raw.csv,True,True
D:\Pyprogramme\STST2603\claude_branch\results\test1b_independence_check\figures\01_hexbin_full_vs_subset.png,True,True
D:\Pyprogramme\STST2603\claude_branch\results\test1b_independence_check\figures\02_violin_duration_by_customer_bin.png,True,True
D:\Pyprogramme\STST2603\claude_branch\results\test1_cluster_screening\figures\01_2d_kde.png,True,True
D:\Pyprogramme\STST2603\claude_branch\results\test1_cluster_screening\figures\02_gmm_clusters_scatter.png,True,True
D:\Pyprogramme\STST2603\claude_branch\results\v3_controlled_comparison\raw\all_naive_fold_coefs.csv,True,True
D:\Pyprogramme\STST2603\claude_branch\results\v3_controlled_comparison\raw\E0_naive_fold_coefs.csv,True,True
D:\Pyprogramme\STST2603\claude_branch\results\v3_controlled_comparison\raw\R0c_naive_fold_coefs.csv,True,True
D:\Pyprogramme\STST2603\claude_branch\results\v3_controlled_comparison\raw\R0_naive_fold_coefs.csv,True,True
D:\Pyprogramme\STST2603\claude_branch\results\v3_controlled_comparison\raw\stability_summary_naive.csv,True,True
D:\Pyprogramme\STST2603\claude_branch\results\v3_controlled_comparison\raw\step2_naive_samples.json,True,True
D:\Pyprogramme\STST2603\claude_branch\results\v3_controlled_comparison\raw\step4_correlations.json,True,True
D:\Pyprogramme\STST2603\claude_branch\results\v3_dataset_audit\raw\missing_pct_all_columns.csv,True,True
D:\Pyprogramme\STST2603\claude_branch\results\v3_dataset_audit\raw\old_master_incident_refs.csv,True,True
D:\Pyprogramme\STST2603\claude_branch\results\v3_dataset_audit\raw\step0.json,True,True
D:\Pyprogramme\STST2603\claude_branch\results\v3_dataset_audit\raw\step1.json,True,True
D:\Pyprogramme\STST2603\claude_branch\results\v3_dataset_audit\raw\step2.json,True,True
D:\Pyprogramme\STST2603\claude_branch\results\v3_dataset_audit\raw\step2b_duration_A_vs_B.json,True,True
D:\Pyprogramme\STST2603\claude_branch\results\v3_dataset_audit\raw\step2c_weather_and_scale.json,True,True
D:\Pyprogramme\STST2603\claude_branch\results\v3_dataset_audit\raw\step2_durationA_missing_breakdown.json,True,True
D:\Pyprogramme\STST2603\claude_branch\results\v3_dataset_audit\raw\step3_weather_new_vs_old.json,True,True
D:\Pyprogramme\STST2603\claude_branch\results\v3_validation\raw\all_v3_fold_coefs.csv,True,True
D:\Pyprogramme\STST2603\claude_branch\results\v3_validation\raw\E0_prime_fold_coefs.csv,True,True
D:\Pyprogramme\STST2603\claude_branch\results\v3_validation\raw\R0c_prime_A_fold_coefs.csv,True,True
D:\Pyprogramme\STST2603\claude_branch\results\v3_validation\raw\R0c_prime_B_fold_coefs.csv,True,True
D:\Pyprogramme\STST2603\claude_branch\results\v3_validation\raw\R0_prime_A_fold_coefs.csv,True,True
D:\Pyprogramme\STST2603\claude_branch\results\v3_validation\raw\R0_prime_B_fold_coefs.csv,True,True
D:\Pyprogramme\STST2603\claude_branch\results\v3_validation\raw\stability_summary_v3.csv,True,True
D:\Pyprogramme\STST2603\claude_branch\results\v3_validation\raw\step0_sample.json,True,True
D:\Pyprogramme\STST2603\claude_branch\results\v3_validation\raw\step1_lad_gapfill.json,True,True
D:\Pyprogramme\STST2603\claude_branch\results\v3_validation\raw\step2_folds.json,True,True
D:\Pyprogramme\STST2603\claude_branch\results\v3_validation\raw\step4_duration_samples.json,True,True
D:\Pyprogramme\STST2603\claude_branch\results\v3_validation\raw\step5_custadj_samples.json,True,True
D:\Pyprogramme\STST2603\claude_branch\results\variance_decomposition\raw\E0_prime_WT_variance_decomposition.csv,True,True
D:\Pyprogramme\STST2603\claude_branch\results\variance_decomposition\raw\R0c_prime_B_WT_order_customers_then_gust.csv,True,True
D:\Pyprogramme\STST2603\claude_branch\results\variance_decomposition\raw\R0c_prime_B_WT_order_gust_then_customers.csv,True,True
D:\Pyprogramme\STST2603\claude_branch\results\variance_decomposition\raw\sample_sizes.json,True,True
D:\Pyprogramme\STST2603\claude_branch\scripts\borrowed_from_main\coef_fold_stability_E0_R0.py,True,True
D:\Pyprogramme\STST2603\claude_branch\scripts\borrowed_from_main\coef_fold_stability_expansion_validation.py,True,True
D:\Pyprogramme\STST2603\claude_branch\scripts\borrowed_from_main\coef_fold_stability_R0_custadj.py,True,True
D:\Pyprogramme\STST2603\claude_branch\scripts\cause_code_robustness\step1_composition_diagnostic.py,True,True
D:\Pyprogramme\STST2603\claude_branch\scripts\cause_code_robustness\step2_wt_subset_critical_wind_speed.py,True,True
D:\Pyprogramme\STST2603\claude_branch\scripts\critical_wind_speed\critical_wind_speed_pipeline.py,True,True
D:\Pyprogramme\STST2603\claude_branch\scripts\customers_duration_shape_investigation\step1_binned_relationship.py,True,True
D:\Pyprogramme\STST2603\claude_branch\scripts\customers_duration_shape_investigation\step2_subgroup_check.py,True,True
D:\Pyprogramme\STST2603\claude_branch\scripts\customers_duration_shape_investigation\step3_flexible_form.py,True,True
D:\Pyprogramme\STST2603\claude_branch\scripts\customers_duration_shape_investigation\step5_n_stages_stratification.py,True,True
D:\Pyprogramme\STST2603\claude_branch\scripts\dev_sample_decontamination\clean_sample_builder.py,True,True
D:\Pyprogramme\STST2603\claude_branch\scripts\dev_sample_decontamination\step1_rebuild_clean_sample.py,True,True
D:\Pyprogramme\STST2603\claude_branch\scripts\dev_sample_decontamination\step2_refit_clean.py,True,True
D:\Pyprogramme\STST2603\claude_branch\scripts\dev_sample_decontamination\step3_critical_wind_speed_clean.py,True,True
D:\Pyprogramme\STST2603\claude_branch\scripts\dev_sample_decontamination\step4_variance_decomposition_clean.py,True,True
D:\Pyprogramme\STST2603\claude_branch\scripts\final_combined_analysis\combined_sample_builder.py,True,True
D:\Pyprogramme\STST2603\claude_branch\scripts\final_combined_analysis\figure10_robustness_forest.py,True,True
D:\Pyprogramme\STST2603\claude_branch\scripts\final_combined_analysis\figure1_study_area.py,True,True
D:\Pyprogramme\STST2603\claude_branch\scripts\final_combined_analysis\figure2_distribution.py,True,True
D:\Pyprogramme\STST2603\claude_branch\scripts\final_combined_analysis\figure4_dose_response.py,True,True
D:\Pyprogramme\STST2603\claude_branch\scripts\final_combined_analysis\figure5_variance_decomposition.py,True,True
D:\Pyprogramme\STST2603\claude_branch\scripts\final_combined_analysis\figure6_regional_map.py,True,True
D:\Pyprogramme\STST2603\claude_branch\scripts\final_combined_analysis\figure7_magnitude_comparison.py,True,True
D:\Pyprogramme\STST2603\claude_branch\scripts\final_combined_analysis\figure8_weather_subsample_comparison.py,True,True
D:\Pyprogramme\STST2603\claude_branch\scripts\final_combined_analysis\figure9_storm_validation.py,True,True
D:\Pyprogramme\STST2603\claude_branch\scripts\final_combined_analysis\figureD1_composition_effect.py,True,True
D:\Pyprogramme\STST2603\claude_branch\scripts\final_combined_analysis\figure_style.py,True,True
D:\Pyprogramme\STST2603\claude_branch\scripts\final_combined_analysis\step10_named_storms.py,True,True
D:\Pyprogramme\STST2603\claude_branch\scripts\final_combined_analysis\step13_storm_prediction_check.py,True,True
D:\Pyprogramme\STST2603\claude_branch\scripts\final_combined_analysis\step16_range_restriction.py,True,True
D:\Pyprogramme\STST2603\claude_branch\scripts\final_combined_analysis\step17_weather_natural_subsample.py,True,True
D:\Pyprogramme\STST2603\claude_branch\scripts\final_combined_analysis\step1_final_fit.py,True,True
D:\Pyprogramme\STST2603\claude_branch\scripts\final_combined_analysis\step21_causecode_gust_diagnostic.py,True,True
D:\Pyprogramme\STST2603\claude_branch\scripts\final_combined_analysis\step2_critical_wind_and_variance.py,True,True
D:\Pyprogramme\STST2603\claude_branch\scripts\final_combined_analysis\step30_counterfactual.py,True,True
D:\Pyprogramme\STST2603\claude_branch\scripts\final_combined_analysis\step36_six_group_clean_sample.py,True,True
D:\Pyprogramme\STST2603\claude_branch\scripts\final_combined_analysis\step38_F4_customers_mean_ratio.py,True,True
D:\Pyprogramme\STST2603\claude_branch\scripts\final_combined_analysis\step38_M6_decompose_sample_vs_definition.py,True,True
D:\Pyprogramme\STST2603\claude_branch\scripts\final_combined_analysis\step38_M6_nonlinear_dependence.py,True,True
D:\Pyprogramme\STST2603\claude_branch\scripts\final_combined_analysis\step3_dose_response_curve.py,True,True
D:\Pyprogramme\STST2603\claude_branch\scripts\final_combined_analysis\step40_1_cubic_gust_term.py,True,True
D:\Pyprogramme\STST2603\claude_branch\scripts\final_combined_analysis\step40_2_zspace_symmetry.py,True,True
D:\Pyprogramme\STST2603\claude_branch\scripts\final_combined_analysis\step40_model_form_check.py,True,True
D:\Pyprogramme\STST2603\claude_branch\scripts\final_combined_analysis\step42_appendixD_composition_crosstab.py,True,True
D:\Pyprogramme\STST2603\claude_branch\scripts\final_combined_analysis\step43_M01_M03_M05.py,True,True
D:\Pyprogramme\STST2603\claude_branch\scripts\final_combined_analysis\step4_baseline_regional_map.py,True,True
D:\Pyprogramme\STST2603\claude_branch\scripts\final_combined_analysis\step7_customers_dose_response.py,True,True
D:\Pyprogramme\STST2603\claude_branch\scripts\module_e_final_confirmation\build_holdout_sample.py,True,True
D:\Pyprogramme\STST2603\claude_branch\scripts\module_e_final_confirmation\fit_holdout_models.py,True,True
D:\Pyprogramme\STST2603\claude_branch\scripts\pipeline_v2\Buckinghamshire_combination_v2.py,True,True
D:\Pyprogramme\STST2603\claude_branch\scripts\pipeline_v2\data_arrange_v2.py,True,True
D:\Pyprogramme\STST2603\claude_branch\scripts\pipeline_v2\filter_v2.py,True,True
D:\Pyprogramme\STST2603\claude_branch\scripts\pipeline_v2\GVA_merge_with_crosswalk_v2.py,True,True
D:\Pyprogramme\STST2603\claude_branch\scripts\pipeline_v2\GVA_new_v2.py,True,True
D:\Pyprogramme\STST2603\claude_branch\scripts\pipeline_v2\LAD_AreaSummary_v2.py,True,True
D:\Pyprogramme\STST2603\claude_branch\scripts\pipeline_v2\LAD_DNO_v2.py,True,True
D:\Pyprogramme\STST2603\claude_branch\scripts\pipeline_v2\LAD_GeoMerge_v2.py,True,True
D:\Pyprogramme\STST2603\claude_branch\scripts\pipeline_v2\LAD_urban_Summary_v2.py,True,True
D:\Pyprogramme\STST2603\claude_branch\scripts\pipeline_v2\main1_v2.py,True,True
D:\Pyprogramme\STST2603\claude_branch\scripts\pipeline_v2\match_lad_v2.py,True,True
D:\Pyprogramme\STST2603\claude_branch\scripts\pipeline_v2\poppulation_merge_v2.py,True,True
D:\Pyprogramme\STST2603\claude_branch\scripts\pipeline_v2\README_脚本复制与零改动校验.md,True,True
D:\Pyprogramme\STST2603\claude_branch\scripts\test1\test1_full_pipeline.py,True,True
D:\Pyprogramme\STST2603\claude_branch\scripts\test1\test1_step0_inventory.py,True,True
D:\Pyprogramme\STST2603\claude_branch\scripts\test1b\test1b_independence_pipeline.py,True,True
D:\Pyprogramme\STST2603\claude_branch\scripts\v3_audit\audit_v3_dataset.py,True,True
D:\Pyprogramme\STST2603\claude_branch\scripts\v3_controlled_comparison\controlled_comparison_pipeline.py,True,True
D:\Pyprogramme\STST2603\claude_branch\scripts\v3_validation\v3_validation_pipeline.py,True,True
D:\Pyprogramme\STST2603\claude_branch\scripts\variance_decomposition\variance_decomposition_pipeline.py,True,True
