target,fold,n,events,valid_proxy,valid_grid,proxy_brier,grid_brier,delta_brier,relative_improvement_pct,training_constant,constant_brier
any_gt0,0,25208,8433,True,True,0.22032292450610461,0.22005069389348139,0.00027223061262321435,0.12355982167242498,0.34726484737889846,0.22278388835185486
any_gt0,1,24112,8129,True,True,0.2211418965482681,0.22079526292475374,0.00034663362351436411,0.15674715145562895,0.34647953743951448,0.22356232336083168
any_gt0,2,24112,7905,True,True,0.21841576076019506,0.21839696042846257,1.8800331732488074e-05,0.0086075893365266352,0.34877593701304027,0.22080077715836177
any_gt0,3,24112,8433,True,True,0.22618933669465197,0.22685682406409402,-0.00066748736944205467,-0.29510116577384909,0.34336299516115804,0.22746349662901702
any_gt0,4,24112,9026,True,True,0.2336574419108389,0.23342058262705714,0.00023685928378175403,0.10137031452742554,0.33728368736160091,0.23558157290972306
any_gt5,0,25208,4101,True,True,0.13421060400393353,0.13399230075398078,0.00021830324995275596,0.16265722933961149,0.16780026542800267,0.13624571926175774
any_gt5,1,24112,3946,True,True,0.13487208017869928,0.13467522567773171,0.00019685450096756929,0.14595645051722059,0.16750389567784796,0.13688549365843089
any_gt5,2,24112,3719,True,True,0.12913966902518123,0.12906788782491171,7.1781200269516177e-05,0.055584160011684244,0.1698310506028049,0.13069214802557516
any_gt5,3,24112,4116,True,True,0.14043871377669945,0.14063117846705067,-0.00019246469035122393,-0.1370453240245755,0.16576109243008283,0.14158816507530811
any_gt5,4,24112,4403,True,True,0.14795569231550171,0.14790693380075007,4.8758514751640059e-05,0.032954808286569381,0.16281883047650292,0.14965269629330002
any_gt100,0,25208,1532,True,True,0.055999827180583016,0.05604182533494554,-4.1998154362524187e-05,-0.074996935663912787,0.060519658261446584,0.057080899707572588
any_gt100,1,24112,1516,True,True,0.057542042151921817,0.057512604957874636,2.9437194047181314e-05,0.051157715204930655,0.060003690642171738,0.058928445958570275
any_gt100,2,24112,1400,True,True,0.053918084342920183,0.053891746704313362,2.6337638606821479e-05,0.048847504372213087,0.061192897564176167,0.054700936290447845
any_gt100,3,24112,1370,True,True,0.053090978958914445,0.053202923906038493,-0.00011194494712404857,-0.21085493113750922,0.061500451078487658,0.053611799678483847
any_gt100,4,24112,1551,True,True,0.059263759516237503,0.05940165382196446,-0.00013789430572695716,-0.23267897084587741,0.05964487820880833,0.060209037201432281
any_gt1000,0,25208,237,True,True,0.0092072624463117331,0.0092253365108133038,-1.8074064501570619e-05,-0.19630226255591063,0.0081183642999336433,0.0093150309475160658
any_gt1000,1,24112,207,True,True,0.008351069706442062,0.0083675807304647853,-1.651102402272335e-05,-0.19771148611041592,0.0083347002378413842,0.0085112984366451545
any_gt1000,2,24112,185,True,True,0.0075287176114839666,0.0075762801022523224,-4.7562490768355767e-05,-0.6317475727314581,0.0085602394816698107,0.0076144485440355521
any_gt1000,3,24112,178,True,True,0.0072344606793050452,0.0072874416268238762,-5.2980947518830972e-05,-0.73234135711579285,0.0086320019683424915,0.0073292811701277044
any_gt1000,4,24112,213,True,True,0.0086249859712554701,0.0086657275821759704,-4.074161092050034e-05,-0.47236727174142762,0.0082731895349790856,0.0087560543768475663
wthr_gt0,0,25208,1336,True,True,0.047180141263609018,0.047095465256990897,8.4676006618121524e-05,0.17947383019693036,0.049622594558725946,0.050201549278040714
wthr_gt0,1,24112,1374,True,True,0.050719966020622217,0.050579860681880945,0.00014010533874127262,0.2762331084455128,0.048675469531698518,0.053805922507277136
wthr_gt0,2,24112,1257,True,True,0.046702582819187245,0.046658353334945966,4.4229484241278816e-05,0.094704578572274628,0.049874928237513327,0.049419095660247686
wthr_gt0,3,24112,1017,True,True,0.038968538967333079,0.0391892770854365,-0.00022073811810342098,-0.56645212767269371,0.052335356352005251,0.040502339108931543
wthr_gt0,4,24112,1138,True,True,0.04281119097276645,0.042922337425902859,-0.00011114645313640981,-0.25962009140814035,0.051094890510948905,0.044984113068454269
wthr_gt5,0,25208,966,True,True,0.034756099291708045,0.034708798632376671,4.730065933137434e-05,0.13609311831681617,0.035542468480424687,0.036860377145649451
wthr_gt5,1,24112,974,True,True,0.036547566339107482,0.036433944779212031,0.0001136215598954507,0.31088680116539169,0.035061100631509884,0.038791530942133653
wthr_gt5,2,24112,886,True,True,0.033721228936211059,0.033745589031191153,-2.4360094980094282e-05,-0.072239641758534909,0.03596325760682359,0.0353955916110619
wthr_gt5,3,24112,729,True,True,0.028355523078711052,0.028554720547156215,-0.00019919746844516278,-0.70249971369675623,0.037572787665053717,0.029373678357012122
wthr_gt5,4,24112,839,True,True,0.032100378204572948,0.032169495586139137,-6.9117381566188851e-05,-0.21531640881521621,0.036445091445911591,0.033587913592033725
wthr_gt100,0,25208,503,True,True,0.018490669461853997,0.01856155494724961,-7.0885485395612291e-05,-0.38335813390557921,0.020415145985401461,0.019556034101928885
wthr_gt100,1,24112,535,True,True,0.020261534198819858,0.020231905110704048,2.9629088115809554e-05,0.1462331915494105,0.019857705240711884,0.021701240177418639
wthr_gt100,2,24112,500,True,True,0.019416653414216434,0.019393719154171402,2.2934260045032878e-05,0.11811644136492097,0.020216517674075288,0.020306828121285769
wthr_gt100,3,24112,434,True,True,0.017156234486134011,0.017259062412589985,-0.00010282792645597422,-0.59936186194634766,0.020893135405560568,0.017683734390584273
wthr_gt100,4,24112,500,True,True,0.019361723727752463,0.019500111157774658,-0.00013838743002219517,-0.71474746757095364,0.020216517674075288,0.020306828121285769
wthr_gt1000,0,25208,75,True,True,0.0028650711750095809,0.0028757109161341912,-1.0639741124610254e-05,-0.3713604470777126,0.0024572826808228268,0.0029666621511327145
wthr_gt1000,1,24112,63,True,True,0.0024560090393879706,0.0024655440988936919,-9.5350595057212828e-06,-0.38823389298670447,0.0025526941687853688,0.0026059837547660761
wthr_gt1000,2,24112,54,True,True,0.0021479920546587606,0.0021903608095445791,-4.2368754885818444e-05,-1.9724819183537123,0.0026449602230788159,0.0022346975521358946
wthr_gt1000,3,24112,55,True,True,0.0021775349997174187,0.0022260193103852146,-4.8484310667795856e-05,-2.226568605055153,0.0026347084392684328,0.0022759439310815386
wthr_gt1000,4,24112,65,True,True,0.0025607758672303218,0.0025984279184388392,-3.7652051208517459e-05,-1.4703376304948188,0.0025321906011646026,0.0026885128196092651
