combination,model_id,family,n,k,n_columns,aic,bic,adj_r2,rmse,knots,full_action,full_source,sample_id_sha256,status,cache_used,LAD_OOF_RMSE,LAD_OOF_n,LAD_OOF_action,LAD_OOF_source,LAD_OOF_knots,random_OOF_RMSE,random_OOF_n,random_OOF_action,random_OOF_source,random_OOF_knots,year_holdout_RMSE,year_holdout_n,year_holdout_action,year_holdout_source,year_holdout_knots,delta_BIC_best_nonFE,delta_AIC_best_nonFE
E0_all,H01,historical,60437,5,5,255709.30723560823,255754.35401950398,0.012041176185328295,2.0066802029279351,[],DERIVE,results/new/20260909183317/results/model_selection/E0_model_comparison.csv#M1_weather_linear,9822b53edfc840d7c823d220988e6180708fc3f04a4f429e9d971a9b991a1f94,complete,True,2.0072404653146694,60437,REUSE,results/new/20260909183317/results/model_selection/E0_model_comparison.csv#M1_weather_linear/cv_lad,none_or_fixed10.8,2.0181376097638002,48324,REUSE,results/new/20260909183317/results/model_selection/E0_model_comparison.csv#M1_weather_linear/cv_random,none_or_fixed10.8,2.0116507940743547,60437,REUSE,results/new/20260909183317/results/model_selection/E0_model_comparison.csv#M1_weather_linear/cv_year,none_or_fixed10.8,1253.2787835670169,1451.4846327083651
E0_all,H02,historical,60437,6,6,254975.87890675711,255029.93504743202,0.023974164608259629,1.9945081139761325,[],DERIVE,results/new/20260909183317/results/model_selection/E0_model_comparison.csv#M2_+gust_sq,9822b53edfc840d7c823d220988e6180708fc3f04a4f429e9d971a9b991a1f94,complete,True,1.9951358695010932,60437,REUSE,results/new/20260909183317/results/model_selection/E0_model_comparison.csv#M2_+gust_sq/cv_lad,none_or_fixed10.8,2.003591714679005,48324,REUSE,results/new/20260909183317/results/model_selection/E0_model_comparison.csv#M2_+gust_sq/cv_random,none_or_fixed10.8,1.9973992174946895,60437,REUSE,results/new/20260909183317/results/model_selection/E0_model_comparison.csv#M2_+gust_sq/cv_year,none_or_fixed10.8,528.85981149505824,718.05630385724362
E0_all,H03,historical,60437,7,7,254961.15989909082,255024.22539654488,0.024227983587395974,1.994232257378596,[],DERIVE,results/new/20260909183317/results/model_selection/E0_model_comparison.csv#M3_+gust_x_pressure,9822b53edfc840d7c823d220988e6180708fc3f04a4f429e9d971a9b991a1f94,complete,True,1.9948917073174612,60437,REUSE,results/new/20260909183317/results/model_selection/E0_model_comparison.csv#M3_+gust_x_pressure/cv_lad,none_or_fixed10.8,2.0039865712114251,48324,REUSE,results/new/20260909183317/results/model_selection/E0_model_comparison.csv#M3_+gust_x_pressure/cv_random,none_or_fixed10.8,1.9975057328138448,60437,REUSE,results/new/20260909183317/results/model_selection/E0_model_comparison.csv#M3_+gust_x_pressure/cv_year,none_or_fixed10.8,523.15016060791095,703.33729619096266
E0_all,H04,historical,60437,12,12,254547.97409417256,254656.0863755224,0.03095639097139169,1.9872625601397944,[],DERIVE,results/new/20260909183317/results/model_selection/E0_model_comparison.csv#M4_+socio,9822b53edfc840d7c823d220988e6180708fc3f04a4f429e9d971a9b991a1f94,complete,True,1.9908757017986281,60437,REUSE,results/new/20260909183317/results/model_selection/E0_model_comparison.csv#M4_+socio/cv_lad,none_or_fixed10.8,1.9964749233045744,48324,REUSE,results/new/20260909183317/results/model_selection/E0_model_comparison.csv#M4_+socio/cv_random,none_or_fixed10.8,1.9912894779372521,60437,REUSE,results/new/20260909183317/results/model_selection/E0_model_comparison.csv#M4_+socio/cv_year,none_or_fixed10.8,155.01113958543283,290.15149127269979
E0_all,H05,historical,60437,26,26,254396.15394129584,254630.39721755378,0.03361142793274674,1.9843083749511039,[],DERIVE,results/new/20260909183317/results/model_selection/E0_model_comparison.csv#M5_+year_month_FE,9822b53edfc840d7c823d220988e6180708fc3f04a4f429e9d971a9b991a1f94,complete,True,1.9886822659446699,60437,REUSE,results/new/20260909183317/results/model_selection/E0_model_comparison.csv#M5_+year_month_FE/cv_lad,none_or_fixed10.8,1.9944528283695551,48324,REUSE,results/new/20260909183317/results/model_selection/E0_model_comparison.csv#M5_+year_month_FE/cv_random,none_or_fixed10.8,1.993984242057619,60437,REUSE,results/new/20260909183317/results/model_selection/E0_model_comparison.csv#M5_+year_month_FE/cv_year,none_or_fixed10.8,129.32198161681299,138.33133839597576
E0_all,H06,historical,60437,27,27,254307.54753320548,254550.80016624258,0.035043167145484055,1.98282150692244,[],DERIVE,results/new/20260909183317/results/model_selection/E0_model_comparison.csv#A1_gust_cubic,9822b53edfc840d7c823d220988e6180708fc3f04a4f429e9d971a9b991a1f94,complete,True,1.9871457763390228,60437,REUSE,results/new/20260909183317/results/model_selection/E0_model_comparison.csv#A1_gust_cubic/cv_lad,none_or_fixed10.8,1.9928203169238032,48324,REUSE,results/new/20260909183317/results/model_selection/E0_model_comparison.csv#A1_gust_cubic/cv_random,none_or_fixed10.8,1.993013386507176,60437,REUSE,results/new/20260909183317/results/model_selection/E0_model_comparison.csv#A1_gust_cubic/cv_year,none_or_fixed10.8,49.724930305615999,49.724930305615999
E0_all,H07,historical,60437,25,25,254611.42211229037,254836.65603176918,0.030147108593790883,1.987878330060896,[],DERIVE,results/new/20260909183317/results/model_selection/E0_model_comparison.csv#A2_log_gust,9822b53edfc840d7c823d220988e6180708fc3f04a4f429e9d971a9b991a1f94,complete,True,1.9923282096865549,60437,REUSE,results/new/20260909183317/results/model_selection/E0_model_comparison.csv#A2_log_gust/cv_lad,none_or_fixed10.8,1.995274652305544,48324,REUSE,results/new/20260909183317/results/model_selection/E0_model_comparison.csv#A2_log_gust/cv_random,none_or_fixed10.8,1.9994635531257663,60437,REUSE,results/new/20260909183317/results/model_selection/E0_model_comparison.csv#A2_log_gust/cv_year,none_or_fixed10.8,335.58079583221115,353.59950939050759
E0_all,H08,historical,60437,26,26,254325.21685659757,254559.46013285551,0.034745047607534163,1.9831441894748176,[],DERIVE,results/new/20260909183317/results/model_selection/E0_model_comparison.csv#A3_hinge_10.8,9822b53edfc840d7c823d220988e6180708fc3f04a4f429e9d971a9b991a1f94,complete,True,1.9873301293615884,60437,REUSE,results/new/20260909183317/results/model_selection/E0_model_comparison.csv#A3_hinge_10.8/cv_lad,none_or_fixed10.8,1.9926887321544624,48324,REUSE,results/new/20260909183317/results/model_selection/E0_model_comparison.csv#A3_hinge_10.8/cv_random,none_or_fixed10.8,1.9918495829940324,60437,REUSE,results/new/20260909183317/results/model_selection/E0_model_comparison.csv#A3_hinge_10.8/cv_year,none_or_fixed10.8,58.384896918549202,67.394253697711974
E0_all,H09,historical,60437,28,28,254379.40808130524,254631.67007112151,0.033911113755604294,1.9839678331372528,[],DERIVE,results/new/20260909183317/results/model_selection/E0_model_comparison.csv#A4_gust_bins,9822b53edfc840d7c823d220988e6180708fc3f04a4f429e9d971a9b991a1f94,complete,True,1.9882470149577969,60437,REUSE,results/new/20260909183317/results/model_selection/E0_model_comparison.csv#A4_gust_bins/cv_lad,none_or_fixed10.8,1.9943305589798348,48324,REUSE,results/new/20260909183317/results/model_selection/E0_model_comparison.csv#A4_gust_bins/cv_random,none_or_fixed10.8,1.9917594493299235,60437,REUSE,results/new/20260909183317/results/model_selection/E0_model_comparison.csv#A4_gust_bins/cv_year,none_or_fixed10.8,130.59483518454363,121.58547840538085
E0_all,H10,historical,60437,29,29,254301.58126111107,254562.85260770647,0.035170336059853868,1.9826580265710276,[],DERIVE,results/new/20260909183317/results/model_selection/E0_model_comparison.csv#A5_full_quad_weather,9822b53edfc840d7c823d220988e6180708fc3f04a4f429e9d971a9b991a1f94,complete,True,1.9871708108838599,60437,REUSE,results/new/20260909183317/results/model_selection/E0_model_comparison.csv#A5_full_quad_weather/cv_lad,none_or_fixed10.8,1.9922000747377624,48324,REUSE,results/new/20260909183317/results/model_selection/E0_model_comparison.csv#A5_full_quad_weather/cv_random,none_or_fixed10.8,1.9933790914257576,60437,REUSE,results/new/20260909183317/results/model_selection/E0_model_comparison.csv#A5_full_quad_weather/cv_year,none_or_fixed10.8,61.777371769509045,43.758658211212605
E0_all,H11,historical,60437,132,136,253351.97543846013,254541.21053330821,0.051826724578173278,1.9637933103897476,[],DERIVE,results/new/20260909183317/results/model_selection/E0_model_comparison.csv#A6_M5_+LAD_FE,9822b53edfc840d7c823d220988e6180708fc3f04a4f429e9d971a9b991a1f94,complete,True,2.1019859266044461,60437,REUSE,results/new/20260909183317/results/model_selection/E0_model_comparison.csv#A6_M5_+LAD_FE/cv_lad,none_or_fixed10.8,1.9770223484592413,48324,REUSE,results/new/20260909183317/results/model_selection/E0_model_comparison.csv#A6_M5_+LAD_FE/cv_random,none_or_fixed10.8,1.9770248796731904,60437,REUSE,results/new/20260909183317/results/model_selection/E0_model_comparison.csv#A6_M5_+LAD_FE/cv_year,none_or_fixed10.8,40.13529737124918,-905.84716443973593
E0_all,H12,historical,60437,21,21,254786.63947676719,254975.83596912937,0.02726690335761206,1.9908937841744807,[],DERIVE,results/new/20260909183317/results/model_selection/E0_model_comparison.csv#A7_M5_no_socio,9822b53edfc840d7c823d220988e6180708fc3f04a4f429e9d971a9b991a1f94,complete,True,1.9923665035599183,60437,REUSE,results/new/20260909183317/results/model_selection/E0_model_comparison.csv#A7_M5_no_socio/cv_lad,none_or_fixed10.8,2.0015617414146165,48324,REUSE,results/new/20260909183317/results/model_selection/E0_model_comparison.csv#A7_M5_no_socio/cv_random,none_or_fixed10.8,2.0005591671249792,60437,REUSE,results/new/20260909183317/results/model_selection/E0_model_comparison.csv#A7_M5_no_socio/cv_year,none_or_fixed10.8,474.76073319240822,528.81687386732665
E0_all,H13,historical,60437,26,26,254300.18640000719,254534.42967626514,0.035144732729043837,1.9827335646480866,[13.0],REUSE,results/new/20260909183317/results/model_selection/knots.json#E0/one_knot,9822b53edfc840d7c823d220988e6180708fc3f04a4f429e9d971a9b991a1f94,complete,True,1.9869395330927375,60437,REUSE,results/new/20260909183317/results/model_selection/knots.json#E0/nested_cv/rmse_one_knot,train_selected,,,,,,,,,,,33.354440328170313,42.363797107333085
E0_all,H14,historical,60437,27,27,254257.82260289986,254501.07523593697,0.035836765069856558,1.9820059851066041,"[14.0, 26.0]",REUSE,results/new/20260909183317/results/model_selection/knots.json#E0/two_knot,9822b53edfc840d7c823d220988e6180708fc3f04a4f429e9d971a9b991a1f94,complete,True,1.9864794242583639,60437,REUSE,results/new/20260909183317/results/model_selection/knots.json#E0/nested_cv/rmse_two_knot,train_selected,,,,,,,,,,,0,0
E0_weather,H01,historical,9857,5,5,43413.731763295524,43449.711449003851,0.026666980050210065,2.1874400710140542,[],REFIT,APP-C-COMPLETE,a9fbb6b83c432d5518e046bb51b978b4fc6a08a6477e99a0f8c5870a1a250906,complete,True,2.1895929236056633,9857,REFIT,APP-C-COMPLETE,none_or_fixed10.8,2.1933036302774296,7750,REFIT,APP-C-COMPLETE,none_or_fixed10.8,2.1936122908766871,9857,REFIT,APP-C-COMPLETE,none_or_fixed10.8,50.837636633055808,209.14825374969223
E0_weather,H02,historical,9857,6,6,43377.669748364817,43420.845371214811,0.030319755591050379,2.1832208331902589,[],REFIT,APP-C-COMPLETE,a9fbb6b83c432d5518e046bb51b978b4fc6a08a6477e99a0f8c5870a1a250906,complete,True,2.1860411395239803,9857,REFIT,APP-C-COMPLETE,none_or_fixed10.8,2.1938892868894913,7750,REFIT,APP-C-COMPLETE,none_or_fixed10.8,2.2047120840647536,9857,REFIT,APP-C-COMPLETE,none_or_fixed10.8,21.971558844015817,173.08623881898529
E0_weather,H03,historical,9857,7,7,43364.766349493388,43415.137909485049,0.031686470472192307,2.1815709845965401,[],REFIT,APP-C-COMPLETE,a9fbb6b83c432d5518e046bb51b978b4fc6a08a6477e99a0f8c5870a1a250906,complete,True,2.18463276238856,9857,REFIT,APP-C-COMPLETE,none_or_fixed10.8,2.1939784311528729,7750,REFIT,APP-C-COMPLETE,none_or_fixed10.8,2.2012797284522807,9857,REFIT,APP-C-COMPLETE,none_or_fixed10.8,16.264097114253673,160.1828399475562
E0_weather,H04,historical,9857,12,12,43348.04949088853,43434.400736588519,0.033817029395598719,2.1786164727278465,[],REFIT,APP-C-COMPLETE,a9fbb6b83c432d5518e046bb51b978b4fc6a08a6477e99a0f8c5870a1a250906,complete,True,2.1881251914307467,9857,REFIT,APP-C-COMPLETE,none_or_fixed10.8,2.1933674169056792,7750,REFIT,APP-C-COMPLETE,none_or_fixed10.8,2.2005446096824444,9857,REFIT,APP-C-COMPLETE,none_or_fixed10.8,35.526924217723717,143.4659813426988
E0_weather,H05,historical,9857,26,26,43270.2753784097,43457.369744093005,0.042768352597990056,2.1669585585689837,[],DERIVE,results/new/20260909183317/results/weather_only/weather_only_summary.json#E0/fits/paper,a9fbb6b83c432d5518e046bb51b978b4fc6a08a6477e99a0f8c5870a1a250906,complete,True,2.1784068292120016,9857,REUSE,results/new/20260909183317/results/weather_only/weather_only_summary.json#E0/fits/paper/cv_lad,none_or_fixed10.8,2.18892921634952,7750,REFIT,APP-C-COMPLETE,none_or_fixed10.8,2.2147861205630339,9857,REFIT,APP-C-COMPLETE,none_or_fixed10.8,58.495931722209207,65.691868863868876
E0_weather,H06,historical,9857,27,27,43210.107555134557,43404.39785795952,0.048689821083639173,2.1601358483767572,[],REFIT,APP-C-COMPLETE,a9fbb6b83c432d5518e046bb51b978b4fc6a08a6477e99a0f8c5870a1a250906,complete,True,2.1713658248619589,9857,REFIT,APP-C-COMPLETE,none_or_fixed10.8,2.1754554468152874,7750,REFIT,APP-C-COMPLETE,none_or_fixed10.8,2.1952208127234423,9857,REFIT,APP-C-COMPLETE,none_or_fixed10.8,5.5240455887251301,5.5240455887251301
E0_weather,H07,historical,9857,25,25,43282.394898507344,43462.293327048981,0.041493695501768846,2.1685111290460619,[],REFIT,APP-C-COMPLETE,a9fbb6b83c432d5518e046bb51b978b4fc6a08a6477e99a0f8c5870a1a250906,complete,True,2.1799100526618918,9857,REFIT,APP-C-COMPLETE,none_or_fixed10.8,2.178052919376078,7750,REFIT,APP-C-COMPLETE,none_or_fixed10.8,2.1989918852029158,9857,REFIT,APP-C-COMPLETE,none_or_fixed10.8,63.419514678185806,77.811388961512421
E0_weather,H08,historical,9857,26,26,43233.603437849146,43420.69780353245,0.046323016638491921,2.1629313337800418,[],REFIT,APP-C-COMPLETE,a9fbb6b83c432d5518e046bb51b978b4fc6a08a6477e99a0f8c5870a1a250906,complete,True,2.174091043314168,9857,REFIT,APP-C-COMPLETE,none_or_fixed10.8,2.1756522043330837,7750,REFIT,APP-C-COMPLETE,none_or_fixed10.8,2.1978334716565602,9857,REFIT,APP-C-COMPLETE,none_or_fixed10.8,21.823991161654703,29.019928303314373
E0_weather,H09,historical,9857,28,28,43229.97582767767,43431.462067644301,0.046866808318768438,2.1620946286057738,[],REFIT,APP-C-COMPLETE,a9fbb6b83c432d5518e046bb51b978b4fc6a08a6477e99a0f8c5870a1a250906,complete,True,2.1740422135344581,9857,REFIT,APP-C-COMPLETE,none_or_fixed10.8,2.1774690426597698,7750,REFIT,APP-C-COMPLETE,none_or_fixed10.8,2.198370629506992,9857,REFIT,APP-C-COMPLETE,none_or_fixed10.8,32.588255273505638,25.392318131838692
E0_weather,H10,historical,9857,29,29,43237.699307016694,43446.381484124991,0.046216171906432013,2.1627224312057791,[],REFIT,APP-C-COMPLETE,a9fbb6b83c432d5518e046bb51b978b4fc6a08a6477e99a0f8c5870a1a250906,complete,True,2.1747064286565401,9857,REFIT,APP-C-COMPLETE,none_or_fixed10.8,2.1896858667575816,7750,REFIT,APP-C-COMPLETE,none_or_fixed10.8,2.2062804715294226,9857,REFIT,APP-C-COMPLETE,none_or_fixed10.8,47.507671754196053,33.115797470862162
E0_weather,H11,historical,9857,126,130,43236.803473949869,44143.491553799715,0.05556816704640688,2.1414467437554356,[],REFIT,APP-C-COMPLETE,a9fbb6b83c432d5518e046bb51b978b4fc6a08a6477e99a0f8c5870a1a250906,complete,True,2.8899943247835851,9857,REFIT,APP-C-COMPLETE,none_or_fixed10.8,2.1932507859268182,7750,REFIT,APP-C-COMPLETE,none_or_fixed10.8,2.2137882279701042,9857,REFIT,APP-C-COMPLETE,none_or_fixed10.8,744.61774142891954,32.219964404037455
E0_weather,H12,historical,9857,21,21,43287.623110332737,43438.737790307714,0.040596823687758077,2.1699667012684891,[],REFIT,APP-C-COMPLETE,a9fbb6b83c432d5518e046bb51b978b4fc6a08a6477e99a0f8c5870a1a250906,complete,True,2.1748448619394241,9857,REFIT,APP-C-COMPLETE,none_or_fixed10.8,2.1896768887218898,7750,REFIT,APP-C-COMPLETE,none_or_fixed10.8,2.2160186517224578,9857,REFIT,APP-C-COMPLETE,none_or_fixed10.8,39.863977936918673,83.039600786905794
E0_weather,H13,historical,9857,26,26,43233.873316194586,43420.96768187789,0.046296905216173356,2.162960943819872,[11.0],REUSE,results/new/20260909183317/results/weather_only/weather_only_summary.json#E0/knots/one_knot,a9fbb6b83c432d5518e046bb51b978b4fc6a08a6477e99a0f8c5870a1a250906,complete,True,2.1742993432399964,9857,REFIT,APP-C-COMPLETE,train_selected,,,,,,,,,,,22.093869507094496,29.289806648754166
E0_weather,H14,historical,9857,27,27,43204.583509545831,43398.873812370795,0.049222803588461428,2.1595306430792327,"[11.0, 26.0]",REUSE,results/new/20260909183317/results/weather_only/weather_only_summary.json#E0/knots/two_knot,a9fbb6b83c432d5518e046bb51b978b4fc6a08a6477e99a0f8c5870a1a250906,complete,True,2.1717180856772988,9857,REFIT,APP-C-COMPLETE,train_selected,,,,,,,,,,,0,0
R0c_all,H01,historical,51173,7,7,161679.13554104869,161741.03631234597,0.069658479503800108,1.1742804125331381,[],REFIT,APP-C-COMPLETE,177c17dcd65b1796342780d7fbde690ecf2a6ab2cace39b356253f6628ac9068,complete,True,1.1748778379784359,51173,REFIT,APP-C-COMPLETE,none_or_fixed10.8,1.1889905681772888,41177,REFIT,APP-C-COMPLETE,none_or_fixed10.8,1.1960942909268122,51173,REFIT,APP-C-COMPLETE,none_or_fixed10.8,2203.1162332076638,2397.6615144276875
R0c_all,H02,historical,51173,8,8,160889.76182346055,160960.50556208601,0.083917325710915036,1.1652354954046265,[],REFIT,APP-C-COMPLETE,177c17dcd65b1796342780d7fbde690ecf2a6ab2cace39b356253f6628ac9068,complete,True,1.1658635292874198,51173,REFIT,APP-C-COMPLETE,none_or_fixed10.8,1.1771194153255764,41177,REFIT,APP-C-COMPLETE,none_or_fixed10.8,1.1841332565678842,51173,REFIT,APP-C-COMPLETE,none_or_fixed10.8,1422.585482947703,1608.2877968395478
R0c_all,H03,historical,51173,9,9,160867.40123168076,160946.9879376344,0.084335421139868916,1.1649581768159725,[],REFIT,APP-C-COMPLETE,177c17dcd65b1796342780d7fbde690ecf2a6ab2cace39b356253f6628ac9068,complete,True,1.1656577737015521,51173,REFIT,APP-C-COMPLETE,none_or_fixed10.8,1.1778011311307313,41177,REFIT,APP-C-COMPLETE,none_or_fixed10.8,1.1836261424114485,51173,REFIT,APP-C-COMPLETE,none_or_fixed10.8,1409.0678584960988,1585.9272050597647
R0c_all,H04,historical,51173,14,14,160139.86881096713,160263.6703535617,0.097349607134379124,1.1565933549791252,[],REFIT,APP-C-COMPLETE,177c17dcd65b1796342780d7fbde690ecf2a6ab2cace39b356253f6628ac9068,complete,True,1.1597471421607148,51173,REFIT,APP-C-COMPLETE,none_or_fixed10.8,1.1694906161234861,41177,REFIT,APP-C-COMPLETE,none_or_fixed10.8,1.1759734636324135,51173,REFIT,APP-C-COMPLETE,none_or_fixed10.8,725.75027442339342,858.39478434613557
R0c_all,H05,historical,51173,28,28,159323.50931900644,159571.11240419556,0.11187818453852794,1.1470906561504295,[],REUSE,results/new/20260909183317/results/final_models/final_summary.json#R0c/paper,177c17dcd65b1796342780d7fbde690ecf2a6ab2cace39b356253f6628ac9068,complete,True,1.1505728095036865,51173,REUSE,results/new/20260909183317/results/final_models/final_summary.json#R0c/paper_cv_lad,none_or_fixed10.8,1.156673366030498,41177,REFIT,APP-C-COMPLETE,none_or_fixed10.8,1.1760296282124121,51173,REUSE,results/new/20260909183317/results/final_models/final_summary.json#R0c/paper_cv_year,none_or_fixed10.8,33.192325057258131,42.03529238543706
R0c_all,H06,historical,51173,29,29,159318.44117994653,159574.88723246384,0.11198348288565807,1.1470114394119999,[],REFIT,APP-C-COMPLETE,177c17dcd65b1796342780d7fbde690ecf2a6ab2cace39b356253f6628ac9068,complete,True,1.1506572683661096,51173,REFIT,APP-C-COMPLETE,none_or_fixed10.8,1.1566256124256764,41177,REFIT,APP-C-COMPLETE,none_or_fixed10.8,1.1729701033291584,51173,REFIT,APP-C-COMPLETE,none_or_fixed10.8,36.967153325531399,36.967153325531399
R0c_all,H07,historical,51173,27,27,159724.71622915831,159963.47634701926,0.10487027567303819,1.1516186997375335,[],REFIT,APP-C-COMPLETE,177c17dcd65b1796342780d7fbde690ecf2a6ab2cace39b356253f6628ac9068,complete,True,1.1551417082949205,51173,REFIT,APP-C-COMPLETE,none_or_fixed10.8,1.1629464397951581,41177,REFIT,APP-C-COMPLETE,none_or_fixed10.8,1.1878953353165493,51173,REFIT,APP-C-COMPLETE,none_or_fixed10.8,425.55626788095105,443.24220253730891
R0c_all,H08,historical,51173,28,28,159505.21016114223,159752.81324633135,0.1087191101206697,1.1491289621359289,[],REFIT,APP-C-COMPLETE,177c17dcd65b1796342780d7fbde690ecf2a6ab2cace39b356253f6628ac9068,complete,True,1.1526180763351761,51173,REFIT,APP-C-COMPLETE,none_or_fixed10.8,1.1617255954918315,41177,REFIT,APP-C-COMPLETE,none_or_fixed10.8,1.1833862424674322,51173,REFIT,APP-C-COMPLETE,none_or_fixed10.8,214.8931671930477,223.73613452122663
R0c_all,H09,historical,51173,30,30,159416.83597429775,159682.12499414323,0.11029174983049617,1.1480922634456554,[],REFIT,APP-C-COMPLETE,177c17dcd65b1796342780d7fbde690ecf2a6ab2cace39b356253f6628ac9068,complete,True,1.1516540620553541,51173,REFIT,APP-C-COMPLETE,none_or_fixed10.8,1.1627539560290105,41177,REFIT,APP-C-COMPLETE,none_or_fixed10.8,1.1796931474226136,51173,REFIT,APP-C-COMPLETE,none_or_fixed10.8,144.2049150049279,135.36194767674897
R0c_all,H10,historical,51173,31,31,159299.1446342014,159573.27662137506,0.11235294936873952,1.1467503802258618,[],REFIT,APP-C-COMPLETE,177c17dcd65b1796342780d7fbde690ecf2a6ab2cace39b356253f6628ac9068,complete,True,1.1503369240679924,51173,REFIT,APP-C-COMPLETE,none_or_fixed10.8,1.1568632479121694,41177,REFIT,APP-C-COMPLETE,none_or_fixed10.8,1.1755649132788062,51173,REFIT,APP-C-COMPLETE,none_or_fixed10.8,35.356542236753739,17.670607580395881
R0c_all,H11,historical,51173,134,138,158351.44858565481,159536.40620763134,0.13038967012643732,1.1338962134688415,[],REFIT,APP-C-COMPLETE,177c17dcd65b1796342780d7fbde690ecf2a6ab2cace39b356253f6628ac9068,complete,True,1.1938156558504707,51173,REFIT,APP-C-COMPLETE,none_or_fixed10.8,1.1479893670201911,41177,REFIT,APP-C-COMPLETE,none_or_fixed10.8,1.1677170842725031,51173,REFIT,APP-C-COMPLETE,none_or_fixed10.8,-1.5138715069624595,-930.02544096618658
R0c_all,H12,historical,51173,23,23,160105.93169096793,160309.31993951614,0.098106608237757409,1.1560065720206258,[],REFIT,APP-C-COMPLETE,177c17dcd65b1796342780d7fbde690ecf2a6ab2cace39b356253f6628ac9068,complete,True,1.1570908453842441,51173,REFIT,APP-C-COMPLETE,none_or_fixed10.8,1.1659587823517483,41177,REFIT,APP-C-COMPLETE,none_or_fixed10.8,1.1823779262777576,51173,REFIT,APP-C-COMPLETE,none_or_fixed10.8,771.39986037783092,824.4576643469336
R0c_all,H13,historical,51173,28,28,159293.74380654283,159541.34689173196,0.11239462317202431,1.1467570937576235,[17.0],REFIT,APP-C-COMPLETE,177c17dcd65b1796342780d7fbde690ecf2a6ab2cace39b356253f6628ac9068,complete,True,1.1503512768607238,51173,REFIT,APP-C-COMPLETE,train_selected,,,,,,,,,,,3.4268125936505385,12.269779921829468
R0c_all,H14,historical,51173,29,29,159281.474026621,159537.9200791383,0.1126247505150193,1.1465972161794444,"[13.0, 19.0]",REFIT,APP-C-COMPLETE,177c17dcd65b1796342780d7fbde690ecf2a6ab2cace39b356253f6628ac9068,complete,True,1.1502997471828955,51173,REFIT,APP-C-COMPLETE,train_selected,,,,,,,,,,,0,0
R0c_weather,H01,historical,9254,7,7,31492.142353362036,31542.072031548305,0.1880762862179558,1.3255761567045272,[],REFIT,APP-C-COMPLETE,19e0fee1995048631c582d84cc96bb2842c38ca63f26108ad3ac03833db04ddb,complete,True,1.3299990830247075,9254,REFIT,APP-C-COMPLETE,none_or_fixed10.8,1.4016837364888852,7277,REFIT,APP-C-COMPLETE,none_or_fixed10.8,1.4662631784259237,9254,REFIT,APP-C-COMPLETE,none_or_fixed10.8,1052.3633611659825,1223.5508292331906
R0c_weather,H02,historical,9254,8,8,31383.701428396758,31440.763917752494,0.19762174398227628,1.3176897328998178,[],REFIT,APP-C-COMPLETE,19e0fee1995048631c582d84cc96bb2842c38ca63f26108ad3ac03833db04ddb,complete,True,1.3222087141837324,9254,REFIT,APP-C-COMPLETE,none_or_fixed10.8,1.3946970745467178,7277,REFIT,APP-C-COMPLETE,none_or_fixed10.8,1.4307180407675415,9254,REFIT,APP-C-COMPLETE,none_or_fixed10.8,951.05524737017186,1115.1099042679125
R0c_weather,H03,historical,9254,9,9,31369.062216266757,31433.25751679196,0.19897653432013906,1.3165056251517553,[],REFIT,APP-C-COMPLETE,19e0fee1995048631c582d84cc96bb2842c38ca63f26108ad3ac03833db04ddb,complete,True,1.3209519580944713,9254,REFIT,APP-C-COMPLETE,none_or_fixed10.8,1.4084997760102509,7277,REFIT,APP-C-COMPLETE,none_or_fixed10.8,1.426634968721177,9254,REFIT,APP-C-COMPLETE,none_or_fixed10.8,943.54884640963792,1100.4706921379111
R0c_weather,H04,historical,9254,14,14,31338.717439588032,31438.576795960569,0.20202959594841041,1.3136389579316692,[],REFIT,APP-C-COMPLETE,19e0fee1995048631c582d84cc96bb2842c38ca63f26108ad3ac03833db04ddb,complete,True,1.3209384677367344,9254,REFIT,APP-C-COMPLETE,none_or_fixed10.8,1.4060127278738277,7277,REFIT,APP-C-COMPLETE,none_or_fixed10.8,1.4278917192928471,9254,REFIT,APP-C-COMPLETE,none_or_fixed10.8,948.86812557824669,1070.1259154591862
R0c_weather,H05,historical,9254,28,28,30314.988541598279,30514.707254343353,0.28667542964852932,1.2410719465514171,[],DERIVE,results/new/20260909183317/results/weather_only/weather_only_summary.json#R0c/fits/paper,19e0fee1995048631c582d84cc96bb2842c38ca63f26108ad3ac03833db04ddb,complete,True,1.250445938476036,9254,REUSE,results/new/20260909183317/results/weather_only/weather_only_summary.json#R0c/fits/paper/cv_lad,none_or_fixed10.8,1.2837466592028091,7277,REFIT,APP-C-COMPLETE,none_or_fixed10.8,1.459336494351976,9254,REFIT,APP-C-COMPLETE,none_or_fixed10.8,24.998583961030818,46.397017469433194
R0c_weather,H06,historical,9254,29,29,30286.690221022975,30493.541744937516,0.28893001863827272,1.239041925253334,[],REFIT,APP-C-COMPLETE,19e0fee1995048631c582d84cc96bb2842c38ca63f26108ad3ac03833db04ddb,complete,True,1.2488726127286971,9254,REFIT,APP-C-COMPLETE,none_or_fixed10.8,1.3038959223175559,7277,REFIT,APP-C-COMPLETE,none_or_fixed10.8,1.4692982588430055,9254,REFIT,APP-C-COMPLETE,none_or_fixed10.8,3.833074555193889,18.098696894128807
R0c_weather,H07,historical,9254,27,27,30442.341704587929,30634.927606163536,0.27671290460185405,1.2497762306101858,[],REFIT,APP-C-COMPLETE,19e0fee1995048631c582d84cc96bb2842c38ca63f26108ad3ac03833db04ddb,complete,True,1.2603830478507434,9254,REFIT,APP-C-COMPLETE,none_or_fixed10.8,1.2970597566089621,7277,REFIT,APP-C-COMPLETE,none_or_fixed10.8,1.5236864532950147,9254,REFIT,APP-C-COMPLETE,none_or_fixed10.8,145.21893578121308,173.75018045908291
R0c_weather,H08,historical,9254,28,28,30297.805314935209,30497.524027680283,0.28799873253932529,1.2399202432856662,[],REFIT,APP-C-COMPLETE,19e0fee1995048631c582d84cc96bb2842c38ca63f26108ad3ac03833db04ddb,complete,True,1.2496816753269224,9254,REFIT,APP-C-COMPLETE,none_or_fixed10.8,1.2943952779031647,7277,REFIT,APP-C-COMPLETE,none_or_fixed10.8,1.4870888542264937,9254,REFIT,APP-C-COMPLETE,none_or_fixed10.8,7.8153572979608725,29.213790806363249
R0c_weather,H09,historical,9254,30,30,30333.348082768505,30547.332417852514,0.28541278899845168,1.2420352131848107,[],REFIT,APP-C-COMPLETE,19e0fee1995048631c582d84cc96bb2842c38ca63f26108ad3ac03833db04ddb,complete,True,1.2519664031495057,9254,REFIT,APP-C-COMPLETE,none_or_fixed10.8,1.2979288998218064,7277,REFIT,APP-C-COMPLETE,none_or_fixed10.8,1.4885729158308978,9254,REFIT,APP-C-COMPLETE,none_or_fixed10.8,57.623747470192029,64.756558639659488
R0c_weather,H10,historical,9254,31,31,30268.591524128846,30489.708670382322,0.29047221185698024,1.2375633823660059,[],REFIT,APP-C-COMPLETE,19e0fee1995048631c582d84cc96bb2842c38ca63f26108ad3ac03833db04ddb,complete,True,1.2480105914381658,9254,REFIT,APP-C-COMPLETE,none_or_fixed10.8,1.2755483010802349,7277,REFIT,APP-C-COMPLETE,none_or_fixed10.8,1.4516180913540933,9254,REFIT,APP-C-COMPLETE,none_or_fixed10.8,0,0
R0c_weather,H11,historical,9254,127,131,30231.905166715296,31137.772185237598,0.30051048182523232,1.2223660314891509,[],REFIT,APP-C-COMPLETE,19e0fee1995048631c582d84cc96bb2842c38ca63f26108ad3ac03833db04ddb,complete,True,1.6557456900491179,9254,REFIT,APP-C-COMPLETE,none_or_fixed10.8,1.2827505881679371,7277,REFIT,APP-C-COMPLETE,none_or_fixed10.8,1.4677782406497819,9254,REFIT,APP-C-COMPLETE,none_or_fixed10.8,648.06351485527557,-36.686357413549558
R0c_weather,H12,historical,9254,23,23,30337.007245220051,30501.061902117792,0.28459077608530914,1.2432208501317061,[],REFIT,APP-C-COMPLETE,19e0fee1995048631c582d84cc96bb2842c38ca63f26108ad3ac03833db04ddb,complete,True,1.2499980227545118,9254,REFIT,APP-C-COMPLETE,none_or_fixed10.8,1.2862999862179985,7277,REFIT,APP-C-COMPLETE,none_or_fixed10.8,1.4578983347780752,9254,REFIT,APP-C-COMPLETE,none_or_fixed10.8,11.353231735469308,68.415721091205342
R0c_weather,H13,historical,9254,28,28,30297.978479740254,30497.697192485328,0.28798540914249804,1.2399318442988303,[11.0],REUSE,results/new/20260909183317/results/weather_only/weather_only_summary.json#R0c/knots/one_knot,19e0fee1995048631c582d84cc96bb2842c38ca63f26108ad3ac03833db04ddb,complete,True,1.2508461976585521,9254,REFIT,APP-C-COMPLETE,train_selected,,,,,,,,,,,7.9885221030053799,29.386955611407757
R0c_weather,H14,historical,9254,29,29,30292.047474277446,30498.898998191988,0.28851825239303674,1.2394006253918621,"[9.0, 18.0]",REUSE,results/new/20260909183317/results/weather_only/weather_only_summary.json#R0c/knots/two_knot,19e0fee1995048631c582d84cc96bb2842c38ca63f26108ad3ac03833db04ddb,complete,True,1.2499652652401476,9254,REFIT,APP-C-COMPLETE,train_selected,,,,,,,,,,,9.1903278096651775,23.455950148600095
