task,model,episode,n,mse,rmse,mae,r2
E_log,B00,P1,270,4.3172347227856855,2.0777956402845987,1.8508108379464754,-0.08791311680571767
E_log,B00,P2,2603,5.759728293863587,2.3999433938873613,2.0082238660732115,-0.09620935478771431
E_log,B00,P3,509,4.501143946411774,2.1215899571811168,1.8953692084955773,-0.14610486927185673
E_log,B00,P4,576,5.173660595736938,2.274568221825175,2.0262066962724785,-0.07753103113561188
E_log,B00,P5,494,4.782794098206397,2.1869600129417996,1.904677755735982,-0.0008295991697822025
E_log,B01,P1,270,3.916783992083317,1.9790866560318467,1.6984206347823938,0.012997681550049212
E_log,B01,P2,2603,5.104275683903662,2.2592644121270227,1.978750453705756,0.028538419065367915
E_log,B01,P3,509,4.272543579771442,2.0670132026117884,1.5607718984126269,-0.08789744546069911
E_log,B01,P4,576,5.172624972953382,2.274340557821845,1.9887605607714194,-0.07731533942851532
E_log,B01,P5,494,5.001682284788306,2.236444116178248,1.8819987420968427,-0.04663332216967553
E_log,G02,P1,270,3.7975833608087535,1.9487389155063213,1.6478931391433043,0.04303541139843814
E_log,G02,P2,2603,5.18671026670943,2.2774350192067896,1.9083754819945824,0.012849213564827044
E_log,G02,P3,509,3.793110464437649,1.9475909386823633,1.665438506840948,0.0341783278351695
E_log,G02,P4,576,4.340917100965075,2.08348676524836,1.8429312166152596,0.09590650694571767
E_log,G02,P5,494,4.402070190379855,2.098111100580676,1.802090461179893,0.07883926138335884
E_log,G05,P1,270,3.865864222398964,1.9661801093488267,1.6776862868083424,0.025829109281314544
E_log,G05,P2,2603,5.144171034530697,2.268076505440391,1.9173654773903794,0.02094541218403867
E_log,G05,P3,509,3.788452399310757,1.9463947182703607,1.6538968572638717,0.03536438879808834
E_log,G05,P4,576,4.3228015114869525,2.079134798777355,1.827964380196959,0.09967948537149118
E_log,G05,P5,494,4.212416903979927,2.0524173318260415,1.7611565543529806,0.1185253985474185
E_log,P00,P1,270,3.7974491723454675,1.94870448563795,1.6794046419244764,0.043069225957688806
E_log,P00,P2,2603,5.218475156701536,2.2843982044953406,1.9059389753430078,0.006803621171128649
E_log,P00,P3,509,3.888361312620348,1.9718928248310932,1.720923261991321,0.009925057510079771
E_log,P00,P4,576,4.5503832011350385,2.1331627226104994,1.9069114915678744,0.05228048650477912
E_log,P00,P5,494,4.367644544045723,2.0898910364049423,1.8067843145008111,0.08604304333890478
E_log,P02,P1,270,3.8743821041795914,1.9683450165506025,1.714327800683619,0.02368266232821359
E_log,P02,P2,2603,5.307889473048421,2.303885733505119,1.9176777269383078,-0.010213988867148638
E_log,P02,P3,509,3.8767703876120296,1.9689515960561421,1.7087572944817324,0.012876399602125055
E_log,P02,P4,576,4.597509838616008,2.1441804585006383,1.9161606103303876,0.042465305678912046
E_log,P02,P5,494,4.287334401362917,2.0705879361579687,1.7959038337773061,0.10284844333315513
E_log,S01,P1,270,3.904302317819337,1.9759307472225176,1.6959369872234162,0.016142976634380024
E_log,S01,P2,2603,4.995020471701796,2.2349542437602152,1.9671894032933954,0.04933220994654586
E_log,S01,P3,509,4.247312948702836,2.060901004100594,1.5523222971672443,-0.08147308990424484
E_log,S01,P4,576,4.91002484994855,2.2158575879213336,1.9504076986999317,-0.02262296522235041
E_log,S01,P5,494,4.843701414837656,2.2008410698725287,1.838853497603439,-0.013574836376089916
E_log,S02,P1,270,3.888083287196204,1.9718223264777697,1.6919045133260162,0.020230059521871402
E_log,S02,P2,2603,5.135147203982771,2.266086318740478,1.9748010502882871,0.022662855604624443
E_log,S02,P3,509,4.191879942895532,2.0474081036509384,1.5521243246413292,-0.06735844735326113
E_log,S02,P4,576,4.849162401688537,2.202081379442762,1.9398442632258062,-0.00994699326449
E_log,S02,P5,494,4.798548914665376,2.1905590415839917,1.8357312590688901,-0.004126393118647265
E_log,S03,P1,270,3.8588844322456572,1.964404345404901,1.677912736926961,0.02758796784424078
E_log,S03,P2,2603,5.165471894064512,2.2727674527026545,1.9709918130000545,0.016891366525172535
E_log,S03,P3,509,4.073981007806036,2.0184105151841725,1.5342374495475473,-0.03733840240540798
E_log,S03,P4,576,4.5735178416363516,2.138578462819719,1.8908194045512756,0.047462177964232244
E_log,S03,P5,494,4.57496816412441,2.13891752158058,1.8029164222831724,0.04265927825907512
E_log,S04,P1,270,3.8588066877385767,1.9643845569894345,1.682897046595007,0.027607558919186204
E_log,S04,P2,2603,5.345115053470752,2.31195048681211,1.991868826261431,-0.01729887680185138
E_log,S04,P3,509,4.073249803365315,2.0182293733283427,1.5499012147104687,-0.037152219297309275
E_log,S04,P4,576,4.708648896800938,2.16994214134869,1.9153855592118265,0.019318100378253766
E_log,S04,P5,494,4.701285187091812,2.168244724908102,1.8230558994723196,0.016226650621562477
E_log,S05,P1,270,3.980211375571677,1.9950467101227674,1.6790570937770553,-0.002985577849182519
E_log,S05,P2,2603,5.038519799027663,2.244664740897327,1.9225202217991546,0.04105328304084577
E_log,S05,P3,509,3.907656747190467,1.976779387587413,1.6249054253556574,0.005011952801851405
E_log,S05,P4,576,4.5387654034009834,2.1304378431207476,1.8712083008441012,0.05470015384480864
E_log,S05,P5,494,4.429018523467981,2.104523348282927,1.7431452131854468,0.0732001540228735
R_C_log,B00,P1,270,1.7455025501506016,1.321174685706096,1.0421166435135258,-0.49588309702011757
R_C_log,B00,P2,2603,4.558194116758813,2.134992767378572,1.865711492483918,-0.4844087774130612
R_C_log,B00,P3,509,1.9062553777095959,1.380672074646835,1.066670851765756,-0.3782963433661828
R_C_log,B00,P4,576,2.6685157369556047,1.6335592235837686,1.2679108765204194,-0.5289706400403817
R_C_log,B00,P5,494,2.4785141694451442,1.574329752448687,1.16133094581739,-0.26406193558355606
R_C_log,B01,P1,270,1.8275148752543735,1.351856085259956,1.0695613039959102,-0.5661670681661155
R_C_log,B01,P2,2603,4.376838085692828,2.092089406715886,1.8251738034465868,-0.42534887837072577
R_C_log,B01,P3,509,1.5841230007465057,1.2586194821098653,1.0053281861326953,-0.14538217958737598
R_C_log,B01,P4,576,2.3511761528504658,1.5333545424494839,1.2086343299773148,-0.3471456276187086
R_C_log,B01,P5,494,2.3757447827202993,1.5413451212237639,1.2677550478136406,-0.21164873113081528
R_C_log,G02,P1,270,1.155758146085754,1.0750619266283008,0.8224861722551389,0.009523604062440572
R_C_log,G02,P2,2603,4.578312500058822,2.139699161110931,1.8575210677241163,-0.4909604739825628
R_C_log,G02,P3,509,1.3373615302634894,1.156443483384938,0.8852049592184528,0.03303590459348171
R_C_log,G02,P4,576,1.706618820367264,1.3063762170091984,1.0170201905559546,0.022164256352179
R_C_log,G02,P5,494,2.0532636941512763,1.4329213844978643,1.074857609087606,-0.047180811588153126
R_C_log,G05,P1,270,1.019657814050905,1.0097810723374177,0.7608945924457059,0.1261606070689334
R_C_log,G05,P2,2603,4.495158346288806,2.1201788477128067,1.8344011548705708,-0.46388072428942406
R_C_log,G05,P3,509,1.1612623764186218,1.0776188456122238,0.760605467441793,0.16036240168952587
R_C_log,G05,P4,576,1.3331012533559343,1.1546000404278247,0.8638848884242256,0.23617738192256799
R_C_log,G05,P5,494,1.8085998346002692,1.344841936660316,0.9793349962085797,0.07759970235202907
R_C_log,P00,P1,270,1.5928774643425254,1.2620924943689846,0.994995284317364,-0.3650844992054951
R_C_log,P00,P2,2603,4.715596427957167,2.171542407588939,1.886830800223272,-0.5356679748809563
R_C_log,P00,P3,509,1.5208197097997063,1.2332151920081533,0.9271998985594303,-0.0996114526138201
R_C_log,P00,P4,576,2.243218464459245,1.4977377822767393,1.1920784494030296,-0.28528946779515096
R_C_log,P00,P5,494,2.4082541290067714,1.5518550605667951,1.1621467470688132,-0.22822875625152395
R_C_log,P02,P1,270,1.547289166864533,1.243900786584096,0.9696697879991244,-0.32601565704690305
R_C_log,P02,P2,2603,4.688327842050469,2.1652546829531323,1.8774957704123245,-0.5267877632816471
R_C_log,P02,P3,509,1.4702592077616734,1.2125424560656313,0.9318580008751455,-0.06305425472068671
R_C_log,P02,P4,576,2.2813703244352563,1.510420578658559,1.2039449701527756,-0.30714921288055996
R_C_log,P02,P5,494,2.479633235530903,1.574685122661322,1.1826531817964612,-0.2646326681861155
R_C_log,S01,P1,270,1.815310485248784,1.3473345854867618,1.0634344533489448,-0.5557079939486491
R_C_log,S01,P2,2603,4.533216170515983,2.129135075685895,1.8585779758571586,-0.47627452913515445
R_C_log,S01,P3,509,1.814570364799911,1.3470598965153373,1.078377985967193,-0.31200453403540274
R_C_log,S01,P4,576,2.2758771150118378,1.5086010456750445,1.1803775197294124,-0.3040017868370539
R_C_log,S01,P5,494,2.3852141202334463,1.5444138435773769,1.260331354329415,-0.21647816856277524
R_C_log,S02,P1,270,1.78856984417083,1.3373742348986801,1.0517374802923605,-0.5327914573967305
R_C_log,S02,P2,2603,4.34841578088712,2.0852855394135164,1.8195366411269114,-0.4160929498939663
R_C_log,S02,P3,509,1.7530516195703199,1.324028556931579,1.058903837345594,-0.267524102614771
R_C_log,S02,P4,576,2.2036258743720016,1.484461476216881,1.158810230210416,-0.2626042323407738
R_C_log,S02,P5,494,2.3450935515667406,1.5313698284760415,1.243927528614196,-0.19601635950363927
R_C_log,S03,P1,270,9.907345645411244,3.1475936277434613,2.9563044613344975,-7.490523766939134
R_C_log,S03,P2,2603,4.081188010751701,2.0201950427500064,1.7615640255345675,-0.32906829991271525
R_C_log,S03,P3,509,1.6646554677790386,1.2902152796254733,1.0312118643452655,-0.20361026703626983
R_C_log,S03,P4,576,2.0716098568981343,1.4393088122074895,1.1201229508398785,-0.18696345123641267
R_C_log,S03,P5,494,2.2930788087120204,1.5142915203856953,1.2179078416261457,-0.16948842702603817
R_C_log,S04,P1,270,1.788989717276635,1.3375312023562795,1.047897380316033,-0.533151285620306
R_C_log,S04,P2,2603,4.060270769728457,2.0150113572207125,1.756072817809618,-0.32225644956610333
R_C_log,S04,P3,509,1.7278596665115653,1.314480759277809,1.0517859189303769,-0.2493093465075109
R_C_log,S04,P4,576,2.104302156465469,1.450621300155719,1.130861274077745,-0.20569505004305344
R_C_log,S04,P5,494,2.2956519167483274,1.515140890065451,1.219701443173261,-0.17080073258593353
R_C_log,S05,P1,270,1.0270026527600082,1.0134113936403164,0.765693508818202,0.11986613326576478
R_C_log,S05,P2,2603,5.62841072881651,2.3724271809302198,2.068508525826454,-0.8329325330887727
R_C_log,S05,P3,509,1.2225598992462765,1.105694306418495,0.8018138576224227,0.11604192261904911
R_C_log,S05,P4,576,1.5190252434147908,1.2324874211994177,0.9522080582081193,0.12964912797887373
R_C_log,S05,P5,494,1.859950749379197,1.3638001134254232,1.0147762735109584,0.051410327471848705
R_log,B00,P1,270,1.7455025501506016,1.321174685706096,1.0421166435135258,-0.49588309702011757
R_log,B00,P2,2603,4.558194116758813,2.134992767378572,1.865711492483918,-0.4844087774130612
R_log,B00,P3,509,1.9062553777095959,1.380672074646835,1.066670851765756,-0.3782963433661828
R_log,B00,P4,576,2.6685157369556047,1.6335592235837686,1.2679108765204194,-0.5289706400403817
R_log,B00,P5,494,2.4785141694451442,1.574329752448687,1.16133094581739,-0.26406193558355606
R_log,B01,P1,270,1.7972131870305685,1.3406018003234847,1.0585622266610002,-0.5401987398922599
R_log,B01,P2,2603,4.367505216549557,2.0898577024643465,1.8225497691575046,-0.422309562246872
R_log,B01,P3,509,1.5659654071085745,1.2513853951155793,0.9951283866452406,-0.13225353732457523
R_log,B01,P4,576,2.1583499135200617,1.469132367596624,1.1418014850823093,-0.23666261472782657
R_log,B01,P5,494,2.340870220680041,1.5299902681651414,1.247580551406172,-0.19386242716745827
R_log,G02,P1,270,1.2208446028354292,1.1049183693085336,0.8365372570047975,-0.04625501997243675
R_log,G02,P2,2603,4.785178023748269,2.187504976851086,1.9119590024872535,-0.5583277232139572
R_log,G02,P3,509,1.3539753776882613,1.1636044764817044,0.8993738752361666,0.021023450531675536
R_log,G02,P4,576,1.958693417690454,1.3995332856672091,1.0819569125715878,-0.1222660923505281
R_log,G02,P5,494,2.0474364008069226,1.4308865785962641,1.072803134729331,-0.04420884564384475
R_log,G05,P1,270,1.1557403848705974,1.0750536660421177,0.8072611169090942,0.009538825295737019
R_log,G05,P2,2603,4.822379408912694,2.1959916686801644,1.9200049988789556,-0.5704426225042185
R_log,G05,P3,509,1.3365283473091278,1.1560831922094221,0.8961201846998896,0.033638328084468205
R_log,G05,P4,576,1.895081737121159,1.3766196777328004,1.0634081450932213,-0.085818718026613
R_log,G05,P5,494,1.9466351742704533,1.3952186833147173,1.0610682504723792,0.007200581461996758
R_log,P00,P1,270,1.6479572931014088,1.2837278890409014,1.0045269142503281,-0.4122875152194603
R_log,P00,P2,2603,4.943412902073265,2.2233787131465625,1.9454728159782313,-0.6098580521692176
R_log,P00,P3,509,1.5292812077645372,1.2366410990115675,0.9291511444068841,-0.1057294428058475
R_log,P00,P4,576,2.5360239316414828,1.5924898529163327,1.2393144491847499,-0.4530572483500823
R_log,P00,P5,494,2.3658199593104747,1.5381222185868308,1.1265190632843052,-0.20658699226952093
R_log,P02,P1,270,1.6093514084738079,1.2686021474338627,0.9845231538336118,-0.3792025505169141
R_log,P02,P2,2603,4.853521512637303,2.2030709277363956,1.9220611938806709,-0.580584273107899
R_log,P02,P3,509,1.4562790930039156,1.2067638928157884,0.9165537999363396,-0.05294609121029237
R_log,P02,P4,576,2.5865078003363116,1.6082623543241668,1.2600268116889053,-0.4819828237031092
R_log,P02,P5,494,2.4492740520240868,1.5650156714947256,1.1502968383875647,-0.24914924318114484
R_log,S01,P1,270,9.9816946362836,3.1593820022725327,2.9615426548042976,-7.55424031591631
R_log,S01,P2,2603,4.5516652073649855,2.1334631956902808,1.8620476320379142,-0.48228259099737003
R_log,S01,P3,509,1.7604503299269811,1.3268196297639634,1.0566374589820582,-0.2728736562734544
R_log,S01,P4,576,2.1062994398716643,1.4513095603184265,1.1183132739575616,-0.2068394269135443
R_log,S01,P5,494,2.3535444669443866,1.5341266137266463,1.2420173720680927,-0.2003263935479931
R_log,S02,P1,270,8.77886671334596,2.962915238974271,2.75839728575237,-6.523425460681072
R_log,S02,P2,2603,4.381499799135979,2.0932032388509194,1.8259895026846789,-0.4268669989631231
R_log,S02,P3,509,1.7100036024474201,1.3076710604916744,1.039094708214727,-0.23639872178518528
R_log,S02,P4,576,2.048470723854458,1.4312479602970472,1.1015619169536068,-0.1737054986713169
R_log,S02,P5,494,2.3188894516721628,1.5227900221869601,1.2281766921919477,-0.1826520601821715
R_log,S03,P1,270,8.960962550341574,2.9934866878510706,2.7901478934551953,-6.6794802797221395
R_log,S03,P2,2603,4.127153302685982,2.0315396384727475,1.769730071733948,-0.3440372286278699
R_log,S03,P3,509,1.6390900602733292,1.2802695264175155,1.014229510744979,-0.18512548892426084
R_log,S03,P4,576,1.9500790477103733,1.3964523077106406,1.0754751199119035,-0.11733034526101838
R_log,S03,P5,494,2.2698886460387535,1.5066149627687737,1.2027816585898354,-0.15766125965429412
R_log,S04,P1,270,1.7561887393409135,1.3252127147522066,1.0313924190842374,-0.5050410840880641
R_log,S04,P2,2603,4.104571543021018,2.025974220719755,1.7643350038135628,-0.33668331578487365
R_log,S04,P3,509,1.6903861996850655,1.3001485298553646,1.0322945118249083,-0.22221458108196934
R_log,S04,P4,576,1.9744532031884552,1.405152377213395,1.0807714108169233,-0.13129592454753358
R_log,S04,P5,494,2.2796114591097796,1.5098382228271279,1.2069763618378275,-0.16261997163641273
R_log,S05,P1,270,1.2511272373151472,1.1185379910021596,0.866913433323546,-0.0722070193250246
R_log,S05,P2,2603,5.843296554170223,2.4172911604046012,2.123024492287169,-0.9029116513812416
R_log,S05,P3,509,1.3303313288224963,1.1533998997843273,0.8731416882598645,0.03811901205775581
R_log,S05,P4,576,1.8669566113969458,1.3663662069141442,1.0655044654270012,-0.06970395771838755
R_log,S05,P5,494,2.042625448084774,1.429204480851069,1.1186518554299014,-0.04175522149881061
E_log,B00,POOLED,4452,5.3441233558987165,2.311736004802174,1.9766115105895974,-0.053856663321569354
E_log,B00,MACRO,4452,4.906912331400877,2.2151551483814576,,
E_log,B01,POOLED,4452,4.934624662685078,2.221401508661835,1.904520970413193,0.026896137039659096
E_log,B01,MACRO,4452,4.693582102700022,2.166467655585936,,
E_log,G02,POOLED,4452,4.746639371578011,2.178678354318969,1.8445421823395982,0.06396667947408063
E_log,G02,MACRO,4452,4.304078276660153,2.074627262102798,,
E_log,G05,POOLED,4452,4.701987968410347,2.168406781120726,1.8438072678069501,0.07277189889383084
E_log,G05,MACRO,4452,4.26674121434146,2.065609163017404,,
E_log,P00,POOLED,4452,4.799374471285604,2.190747468624717,1.8601708933058259,0.053567361846722616
E_log,P00,MACRO,4452,4.364462677369622,2.0891296458979327,,
E_log,P02,POOLED,4452,4.8521797967394775,2.2027663963161137,1.8677506958069374,0.0431541957608379
E_log,P02,MACRO,4452,4.388777240963793,2.0949408681306,,
E_log,S01,POOLED,4452,4.815598611195172,2.194447222239617,1.8868952189686474,0.05036797500407275
E_log,S01,MACRO,4452,4.5800724006020355,2.1401103711262266,,
E_log,S02,POOLED,4452,4.877322160301268,2.2084660197298187,1.889365267596354,0.038196142660884336
E_log,S02,MACRO,4452,4.572564350085684,2.1383555247165247,,
E_log,S03,POOLED,4452,4.8193304177424805,2.195297341533142,1.874260485098505,0.04963206586908464
E_log,S03,MACRO,4452,4.449364667975393,2.109351717465675,,
E_log,S04,POOLED,4452,4.95577562595854,2.226157143141189,1.8939730844726244,0.022725184743656035
E_log,S04,MACRO,4452,4.537421125693479,2.1301223264623745,,
E_log,S05,POOLED,4452,4.712755034938333,2.170888075175303,1.8471860132005498,0.07064864236525192
E_log,S05,MACRO,4452,4.378834369731754,2.092566455272509,,
R_C_log,B00,POOLED,4452,3.609164426305114,1.899780099460228,1.5689056883069659,-0.27439084256877866
R_C_log,B00,MACRO,4452,2.671396390203952,1.63444069644755,,
R_C_log,B01,POOLED,4452,3.4188123421973904,1.849003067114111,1.5439949184363824,-0.20717779151388083
R_C_log,B01,MACRO,4452,2.5030793794528945,1.5821123156883947,,
R_C_log,G02,POOLED,4452,3.3484824486618727,1.8298859113785955,1.4879944336672195,-0.18234440580630373
R_C_log,G02,MACRO,4452,2.166262938185321,1.4718229982526163,,
R_C_log,G05,POOLED,4452,3.196002240567415,1.7877366250562232,1.426083807923563,-0.12850386048443507
R_C_log,G05,MACRO,4452,1.963555924942907,1.4012693977044197,,
R_C_log,P00,POOLED,4452,3.58505009543821,1.893422851725998,1.5527294986571774,-0.2658761065242037
R_C_log,P00,MACRO,4452,2.496153239113083,1.5799219091819328,,
R_C_log,P02,POOLED,4452,3.5734176796694648,1.890348560363793,1.5500788477547043,-0.2617687170063985
R_C_log,P02,MACRO,4452,2.493375955328567,1.5790427338512936,,
R_C_log,S01,POOLED,4452,3.527159216575825,1.8780732724193232,1.5670263496901558,-0.24543491926413474
R_C_log,S01,MACRO,4452,2.564837651161992,1.601511052463264,,
R_C_log,S02,POOLED,4452,3.396655015285003,1.843001631926842,1.536653176432571,-0.199354070791393
R_C_log,S02,MACRO,4452,2.4877513341134025,1.5772607058167025,,
R_C_log,S03,POOLED,4452,3.6998323356748224,1.923494823407337,1.6072051876517564,-0.3064055528361911
R_C_log,S03,MACRO,4452,4.003575557910428,2.000893689807239,,
R_C_log,S04,POOLED,4452,3.206990722488777,1.7908072823418988,1.4921961987816035,-0.13238387787357153
R_C_log,S04,MACRO,4452,2.395414845346091,1.5477127786983251,,
R_C_log,S05,POOLED,4452,3.8957998747689073,1.9737780713061202,1.5833242395056777,-0.37560141308629147
R_C_log,S05,MACRO,4452,2.2513898547233566,1.500463213385572,,
R_log,B00,POOLED,4452,3.609164426305114,1.899780099460228,1.5689056883069659,-0.27439084256877866
R_log,B00,MACRO,4452,2.671396390203952,1.63444069644755,,
R_log,B01,POOLED,4452,3.380624319541445,1.8386474157764574,1.5297420590565907,-0.1936936548494923
R_log,B01,MACRO,4452,2.445980788977761,1.5639631673980563,,
R_log,G02,POOLED,4452,3.507246382842309,1.8727643692793572,1.5304689073581197,-0.23840372590130765
R_log,G02,MACRO,4452,2.2732255645538673,1.507721978533797,,
R_log,G05,POOLED,4452,3.503639103945764,1.8718010321467835,1.5293237859314177,-0.23713000083662417
R_log,G05,MACRO,4452,2.231273010496806,1.493744626934874,,
R_log,P00,POOLED,4452,3.755732532010582,1.9379712412754173,1.589975624289059,-0.32614383291810456
R_log,P00,MACRO,4452,2.6044990587782335,1.6138460455626595,,
R_log,P02,POOLED,4452,3.7082788209154165,1.9256891807650103,1.5789520451640437,-0.3093879948008891
R_log,P02,MACRO,4452,2.590986773295085,1.6096542402935745,,
R_log,S01,POOLED,4452,4.001570248997544,2.000392523730666,1.6716217424112558,-0.41294878228610377
R_log,S01,MACRO,4452,4.1507308160783225,2.037334242601916,,
R_log,S02,POOLED,4452,3.8120351189277444,1.9524433715034464,1.6325103547238893,-0.34602419654388195
R_log,S02,MACRO,4452,3.847546058091196,1.9615162650590476,,
R_log,S03,POOLED,4452,3.6480923851723452,1.9099980065885789,1.5925062752331984,-0.28813624966043583
R_log,S03,MACRO,4452,3.789434721410003,1.9466470459253786,,
R_log,S04,POOLED,4452,3.208039166123594,1.7910999877515477,1.485904880947161,-0.1327540818347488
R_log,S04,MACRO,4452,2.3610422288690467,1.5365683287342111,,
R_log,S05,POOLED,4452,4.112638793905964,2.02796419936496,1.6556767943426445,-0.4521669280422491
R_log,S05,MACRO,4452,2.466867435957917,1.5706264469815594,,
